"Profile","Id","Path","Slice Name","Alias(s)","Label","Min","Max","Must Support?","Is Modifier?","Is Summary?","Type(s)","Short","Definition","Comments","Requirements","Default Value","Meaning When Missing","Fixed Value","Pattern","Example","Minimum Value","Maximum Value","Maximum Length","Binding Strength","Binding Description","Binding Value Set","Code","Slicing Discriminator","Slicing Description","Slicing Ordered","Slicing Rules","Base Path","Base Min","Base Max","Condition(s)","Constraint(s)"
"IneraPatient","Patient","Patient","","SubjectOfCare Client Resident
","",0,*,"","","","null {[]} {[]}
","Information about an individual or animal receiving health care services","Demographics and other administrative information about an individual or animal receiving care or other health-related services.","","","","","","","","","",,,,,"",,,,"Patient",0,*,"","dom-2:If the resource is contained in another resource, it SHALL NOT contain nested Resources {contained.contained.empty()}
dom-3:If the resource is contained in another resource, it SHALL be referred to from elsewhere in the resource or SHALL refer to the containing resource {contained.where((('#'+id in (%resource.descendants().reference | %resource.descendants().ofType(canonical) | %resource.descendants().ofType(uri) | %resource.descendants().ofType(url))) or descendants().where(reference = '#').exists() or descendants().where(ofType(canonical) = '#').exists() or descendants().where(ofType(canonical) = '#').exists()).not()).trace('unmatched', id).empty()}dom-4:If a resource is contained in another resource, it SHALL NOT have a meta.versionId or a meta.lastUpdated {contained.meta.versionId.empty() and contained.meta.lastUpdated.empty()}dom-5:If a resource is contained in another resource, it SHALL NOT have a security label {contained.meta.security.empty()}dom-6:A resource should have narrative for robust management {text.`div`.exists()}"
"IneraPatient","Patient.id","Patient.id","","","",0,1,"","","Y","id {[]} {[]}
","Logical id of this artifact","The logical id of the resource, as used in the URL for the resource. Once assigned, this value never changes.","Within the context of the FHIR RESTful interactions, the resource has an id except for cases like the create and conditional update. Otherwise, the use of the resouce id depends on the given use case.","","","","","","","","",,,,,"",,,,"Resource.id",0,1,"",""
"IneraPatient","Patient.meta","Patient.meta","","","",0,1,"","","Y","Meta {[]} {[]}
","Metadata about the resource","The metadata about the resource. This is content that is maintained by the infrastructure. Changes to the content might not always be associated with version changes to the resource.","","","","","","","","","",,,,,"",,,,"Resource.meta",0,1,"","ele-1:All FHIR elements must have a @value or children {hasValue() or (children().count() > id.count())}
"
"IneraPatient","Patient.implicitRules","Patient.implicitRules","","","",0,1,"","Y","Y","uri {[]} {[]}
","A set of rules under which this content was created","A reference to a set of rules that were followed when the resource was constructed, and which must be understood when processing the content. Often, this is a reference to an implementation guide that defines the special rules along with other profiles etc.","Asserting this rule set restricts the content to be only understood by a limited set of trading partners. This inherently limits the usefulness of the data in the long term. However, the existing health eco-system is highly fractured, and not yet ready to define, collect, and exchange data in a generally computable sense. Wherever possible, implementers and/or specification writers should avoid using this element. Often, when used, the URL is a reference to an implementation guide that defines these special rules as part of its narrative along with other profiles, value sets, etc.","","","","","","","","",,,,,"",,,,"Resource.implicitRules",0,1,"","ele-1:All FHIR elements must have a @value or children {hasValue() or (children().count() > id.count())}
"
"IneraPatient","Patient.language","Patient.language","","","",0,1,"","","","code {[]} {[]}
","Language of the resource content","The base language in which the resource is written.","Language is provided to support indexing and accessibility (typically, services such as text to speech use the language tag). The html language tag in the narrative applies  to the narrative. The language tag on the resource may be used to specify the language of other presentations generated from the data in the resource. Not all the content has to be in the base language. The Resource.language should not be assumed to apply to the narrative automatically. If a language is specified, it should it also be specified on the div element in the html (see rules in HTML5 for information about the relationship between xml:lang and the html lang attribute).","","","","","","","","",,"required","IETF language tag for a human language","http://hl7.org/fhir/ValueSet/all-languages|5.0.0","",,,,"Resource.language",0,1,"","ele-1:All FHIR elements must have a @value or children {hasValue() or (children().count() > id.count())}
"
"IneraPatient","Patient.text","Patient.text","","narrative
htmlxhtmldisplay","",0,1,"","","","Narrative {[]} {[]}
","Text summary of the resource, for human interpretation","A human-readable narrative that contains a summary of the resource and can be used to represent the content of the resource to a human. The narrative need not encode all the structured data, but is required to contain sufficient detail to make it ""clinically safe"" for a human to just read the narrative. Resource definitions may define what content should be represented in the narrative to ensure clinical safety.","Contained resources do not have a narrative. Resources that are not contained SHOULD have a narrative. In some cases, a resource may only have text with little or no additional discrete data (as long as all minOccurs=1 elements are satisfied).  This may be necessary for data from legacy systems where information is captured as a ""text blob"" or where text is additionally entered raw or narrated and encoded information is added later.","","","","","","","","",,,,,"",,,,"DomainResource.text",0,1,"dom-6
","ele-1:All FHIR elements must have a @value or children {hasValue() or (children().count() > id.count())}
"
"IneraPatient","Patient.contained","Patient.contained","","inline resources
anonymous resourcescontained resources","",0,*,"","","","Resource {[]} {[]}
","Contained, inline Resources","These resources do not have an independent existence apart from the resource that contains them - they cannot be identified independently, nor can they have their own independent transaction scope. This is allowed to be a Parameters resource if and only if it is referenced by a resource that provides context/meaning.","This should never be done when the content can be identified properly, as once identification is lost, it is extremely difficult (and context dependent) to restore it again. Contained resources may have profiles and tags in their meta elements, but SHALL NOT have security labels.","","","","","","","","",,,,,"",,,,"DomainResource.contained",0,*,"dom-2
dom-4dom-3dom-5",""
"IneraPatient","Patient.extension","Patient.extension","","extensions
user content","",0,*,"","","","Extension {[]} {[]}
","Additional content defined by implementations","May be used to represent additional information that is not part of the basic definition of the resource. To make the use of extensions safe and managable, there is a strict set of governance applied to the definition and use of extensions. Though any implementer can define an extension, there is a set of requirements that SHALL be met as part of the definition of the extension.","There can be no stigma associated with the use of extensions by any application, project, or standard - regardless of the institution or jurisdiction that uses or defines the extensions.  The use of extensions is what allows the FHIR specification to retain a core level of simplicity for everyone.","","","","","","","","",,,,,"",,,,"DomainResource.extension",0,*,"","ele-1:All FHIR elements must have a @value or children {hasValue() or (children().count() > id.count())}
ext-1:Must have either extensions or value[x], not both {extension.exists() != value.exists()}"
"IneraPatient","Patient.modifierExtension","Patient.modifierExtension","","extensions
user content","",0,*,"","Y","Y","Extension {[]} {[]}
","Extensions that cannot be ignored","May be used to represent additional information that is not part of the basic definition of the resource and that modifies the understanding of the element that contains it and/or the understanding of the containing element's descendants. Usually modifier elements provide negation or qualification. To make the use of extensions safe and managable, there is a strict set of governance applied to the definition and use of extensions. Though any implementer is allowed to define an extension, there is a set of requirements that SHALL be met as part of the definition of the extension. Applications processing a resource are required to check for modifier extensions.

Modifier extensions SHALL NOT change the meaning of any elements on Resource or DomainResource (including cannot change the meaning of modifierExtension itself).","There can be no stigma associated with the use of extensions by any application, project, or standard - regardless of the institution or jurisdiction that uses or defines the extensions.  The use of extensions is what allows the FHIR specification to retain a core level of simplicity for everyone.","Modifier extensions allow for extensions that *cannot* be safely ignored to be clearly distinguished from the vast majority of extensions which can be safely ignored.  This promotes interoperability by eliminating the need for implementers to prohibit the presence of extensions. For further information, see the [definition of modifier extensions](http://hl7.org/fhir/R5/extensibility.html#modifierExtension).","","","","","","","",,,,,"",,,,"DomainResource.modifierExtension",0,*,"","ele-1:All FHIR elements must have a @value or children {hasValue() or (children().count() > id.count())}
ext-1:Must have either extensions or value[x], not both {extension.exists() != value.exists()}"
"IneraPatient","Patient.identifier","Patient.identifier","","","",0,*,"Y","","Y","Identifier {[]} {[]}
","Patient identifiers, including Swedish personnummer","An identifier for this patient.","","Patients are almost always assigned specific numerical identifiers.","","","","","","","",,,,,"","value:system}
","",,"open","Patient.identifier",0,*,"","ele-1:All FHIR elements must have a @value or children {hasValue() or (children().count() > id.count())}
"
"IneraPatient","Patient.identifier:personnummer","Patient.identifier","personnummer","","",0,1,"Y","","Y","Identifier {[]} {[]}
","An identifier for this patient","An identifier for this patient.","","Patients are almost always assigned specific numerical identifiers.","","","","","","","",,,,,"",,,,"Patient.identifier",0,*,"","ele-1:All FHIR elements must have a @value or children {hasValue() or (children().count() > id.count())}
"
"IneraPatient","Patient.identifier:personnummer.id","Patient.identifier.id","","","",0,1,"","","","id {[]} {[]}
","Unique id for inter-element referencing","Unique id for the element within a resource (for internal references). This may be any string value that does not contain spaces.","","","","","","","","","",,,,,"",,,,"Element.id",0,1,"ele-1
",""
"IneraPatient","Patient.identifier:personnummer.extension","Patient.identifier.extension","","extensions
user content","",0,*,"","","","Extension {[]} {[]}
","Additional content defined by implementations","May be used to represent additional information that is not part of the basic definition of the element. To make the use of extensions safe and managable, there is a strict set of governance applied to the definition and use of extensions. Though any implementer can define an extension, there is a set of requirements that SHALL be met as part of the definition of the extension.","There can be no stigma associated with the use of extensions by any application, project, or standard - regardless of the institution or jurisdiction that uses or defines the extensions.  The use of extensions is what allows the FHIR specification to retain a core level of simplicity for everyone.","","","","","","","","",,,,,"","value:url}
","Extensions are always sliced by (at least) url",,"open","Element.extension",0,*,"","ele-1:All FHIR elements must have a @value or children {hasValue() or (children().count() > id.count())}
ext-1:Must have either extensions or value[x], not both {extension.exists() != value.exists()}"
"IneraPatient","Patient.identifier:personnummer.use","Patient.identifier.use","","","",0,1,"","Y","Y","code {[]} {[]}
","usual | official | temp | secondary | old (If known)","The purpose of this identifier.","Applications can assume that an identifier is permanent unless it explicitly says that it is temporary.","Allows the appropriate identifier for a particular context of use to be selected from among a set of identifiers.","","","","","","","",,"required","Identifies the purpose for this identifier, if known .","http://hl7.org/fhir/ValueSet/identifier-use|5.0.0","",,,,"Identifier.use",0,1,"","ele-1:All FHIR elements must have a @value or children {hasValue() or (children().count() > id.count())}
"
"IneraPatient","Patient.identifier:personnummer.type","Patient.identifier.type","","","",0,1,"","","Y","CodeableConcept {[]} {[]}
","Description of identifier","A coded type for the identifier that can be used to determine which identifier to use for a specific purpose.","This element deals only with general categories of identifiers.  It SHOULD not be used for codes that correspond 1..1 with the Identifier.system. Some identifiers may fall into multiple categories due to common usage.   Where the system is known, a type is unnecessary because the type is always part of the system definition. However systems often need to handle identifiers where the system is not known. There is not a 1:1 relationship between type and system, since many different systems have the same type.","Allows users to make use of identifiers when the identifier system is not known.","","","","","","","",,"extensible","A coded type for an identifier that can be used to determine which identifier to use for a specific purpose.","http://hl7.org/fhir/ValueSet/identifier-type|5.0.0","",,,,"Identifier.type",0,1,"","ele-1:All FHIR elements must have a @value or children {hasValue() or (children().count() > id.count())}
"
"IneraPatient","Patient.identifier:personnummer.system","Patient.identifier.system","","","",1,1,"","","Y","uri {[]} {[]}
","The namespace for the identifier value","Establishes the namespace for the value - that is, an absolute URL that describes a set values that are unique.","Identifier.system is always case sensitive.","There are many sets  of identifiers.  To perform matching of two identifiers, we need to know what set we're dealing with. The system identifies a particular set of unique identifiers.","","","","<valueUri xmlns=""http://hl7.org/fhir"" value=""http://electronichealth.se/identifier/personnummer""/>","<valueUri xmlns=""http://hl7.org/fhir"" value=""http://www.acme.com/identifiers/patient""/>","","",,,,,"",,,,"Identifier.system",0,1,"","ele-1:All FHIR elements must have a @value or children {hasValue() or (children().count() > id.count())}
"
"IneraPatient","Patient.identifier:personnummer.value","Patient.identifier.value","","","",1,1,"Y","","Y","string {[]} {[]}
","Swedish personal identity number (personnummer)","The portion of the identifier typically relevant to the user and which is unique within the context of the system.","If the value is a full URI, then the system SHALL be urn:ietf:rfc:3986.  The value's primary purpose is computational mapping.  As a result, it may be normalized for comparison purposes (e.g. removing non-significant whitespace, dashes, etc.)  A value formatted for human display can be conveyed using the [http://hl7.org/fhir/StructureDefinition/rendered-value](http://hl7.org/fhir/extensions/StructureDefinition-rendered-value.html)). Identifier.value is to be treated as case sensitive unless knowledge of the Identifier.system allows the processer to be confident that non-case-sensitive processing is safe.","","","","","","<valueString xmlns=""http://hl7.org/fhir"" value=""123456""/>","","",,,,,"",,,,"Identifier.value",0,1,"ident-1
","ele-1:All FHIR elements must have a @value or children {hasValue() or (children().count() > id.count())}
"
"IneraPatient","Patient.identifier:personnummer.period","Patient.identifier.period","","","",0,1,"","","Y","Period {[]} {[]}
","Time period when id is/was valid for use","Time period during which identifier is/was valid for use.","","","","","","","","","",,,,,"",,,,"Identifier.period",0,1,"","ele-1:All FHIR elements must have a @value or children {hasValue() or (children().count() > id.count())}
"
"IneraPatient","Patient.identifier:personnummer.assigner","Patient.identifier.assigner","","","",0,1,"","","Y","Reference {[]} {[CanonicalType[http://hl7.org/fhir/StructureDefinition/Organization|5.0.0]]}
","Organization that issued id (may be just text)","Organization that issued/manages the identifier.","The Identifier.assigner may omit the .reference element and only contain a .display element reflecting the name or other textual information about the assigning organization.","","","","","","","","",,,,,"",,,,"Identifier.assigner",0,1,"","ele-1:All FHIR elements must have a @value or children {hasValue() or (children().count() > id.count())}
"
"IneraPatient","Patient.active","Patient.active","","","",0,1,"","Y","Y","boolean {[]} {[]}
","Whether this patient's record is in active use","Whether this patient record is in active use. 
Many systems use this property to mark as non-current patients, such as those that have not been seen for a period of time based on an organization's business rules.

It is often used to filter patient lists to exclude inactive patients

Deceased patients may also be marked as inactive for the same reasons, but may be active for some time after death.","If a record is inactive, and linked to an active record, then future patient/record updates should occur on the other patient.","Need to be able to mark a patient record as not to be used because it was created in error.","","This resource is generally assumed to be active if no value is provided for the active element","","","","","",,,,,"",,,,"Patient.active",0,1,"","ele-1:All FHIR elements must have a @value or children {hasValue() or (children().count() > id.count())}
"
"IneraPatient","Patient.name","Patient.name","","","",0,*,"Y","","Y","HumanName {[]} {[]}
","Patient's name","A name associated with the individual.","A patient may have multiple names with different uses or applicable periods. For animals, the name is a ""HumanName"" in the sense that is assigned and used by humans and has the same patterns. Animal names may be communicated as given names, and optionally may include a family name.","Need to be able to track the patient by multiple names. Examples are your official name and a partner name.","","","","","","","",,,,,"",,,,"Patient.name",0,*,"","ele-1:All FHIR elements must have a @value or children {hasValue() or (children().count() > id.count())}
"
"IneraPatient","Patient.name.id","Patient.name.id","","","",0,1,"","","","id {[]} {[]}
","Unique id for inter-element referencing","Unique id for the element within a resource (for internal references). This may be any string value that does not contain spaces.","","","","","","","","","",,,,,"",,,,"Element.id",0,1,"ele-1
",""
"IneraPatient","Patient.name.extension","Patient.name.extension","","extensions
user content","",0,*,"","","","Extension {[]} {[]}
","Additional content defined by implementations","May be used to represent additional information that is not part of the basic definition of the element. To make the use of extensions safe and managable, there is a strict set of governance applied to the definition and use of extensions. Though any implementer can define an extension, there is a set of requirements that SHALL be met as part of the definition of the extension.","There can be no stigma associated with the use of extensions by any application, project, or standard - regardless of the institution or jurisdiction that uses or defines the extensions.  The use of extensions is what allows the FHIR specification to retain a core level of simplicity for everyone.","","","","","","","","",,,,,"","value:url}
","Extensions are always sliced by (at least) url",,"open","Element.extension",0,*,"","ele-1:All FHIR elements must have a @value or children {hasValue() or (children().count() > id.count())}
ext-1:Must have either extensions or value[x], not both {extension.exists() != value.exists()}"
"IneraPatient","Patient.name.use","Patient.name.use","","","",0,1,"","Y","Y","code {[]} {[]}
","usual | official | temp | nickname | anonymous | old | maiden","Identifies the purpose for this name.","Applications can assume that a name is current unless it explicitly says that it is temporary or old.","Allows the appropriate name for a particular context of use to be selected from among a set of names.","","","","","","","",,"required","The use of a human name.","http://hl7.org/fhir/ValueSet/name-use|5.0.0","",,,,"HumanName.use",0,1,"","ele-1:All FHIR elements must have a @value or children {hasValue() or (children().count() > id.count())}
"
"IneraPatient","Patient.name.text","Patient.name.text","","","",0,1,"","","Y","string {[]} {[]}
","Text representation of the full name","Specifies the entire name as it should be displayed e.g. on an application UI. This may be provided instead of or as well as the specific parts.","Can provide both a text representation and parts. Applications updating a name SHALL ensure that when both text and parts are present,  no content is included in the text that isn't found in a part.","A renderable, unencoded form.","","","","","","","",,,,,"",,,,"HumanName.text",0,1,"","ele-1:All FHIR elements must have a @value or children {hasValue() or (children().count() > id.count())}
"
"IneraPatient","Patient.name.family","Patient.name.family","","surname
","",0,1,"Y","","Y","string {[]} {[]}
","Family name (often called 'Surname')","The part of a name that links to the genealogy. In some cultures (e.g. Eritrea) the family name of a son is the first name of his father.","Family Name may be decomposed into specific parts using extensions (de, nl, es related cultures).","","","","","","","","",,,,,"",,,,"HumanName.family",0,1,"","ele-1:All FHIR elements must have a @value or children {hasValue() or (children().count() > id.count())}
"
"IneraPatient","Patient.name.given","Patient.name.given","","first name
middle name","",0,*,"Y","","Y","string {[]} {[]}
","Given names (not always 'first'). Includes middle names","Given name.","If only initials are recorded, they may be used in place of the full name parts. Initials may be separated into multiple given names but often aren't due to paractical limitations.  This element is not called ""first name"" since given names do not always come first.","","","","","","","","",,,,,"",,,,"HumanName.given",0,*,"","ele-1:All FHIR elements must have a @value or children {hasValue() or (children().count() > id.count())}
"
"IneraPatient","Patient.name.prefix","Patient.name.prefix","","","",0,*,"","","Y","string {[]} {[]}
","Parts that come before the name","Part of the name that is acquired as a title due to academic, legal, employment or nobility status, etc. and that appears at the start of the name.","","","","","","","","","",,,,,"",,,,"HumanName.prefix",0,*,"","ele-1:All FHIR elements must have a @value or children {hasValue() or (children().count() > id.count())}
"
"IneraPatient","Patient.name.suffix","Patient.name.suffix","","","",0,*,"","","Y","string {[]} {[]}
","Parts that come after the name","Part of the name that is acquired as a title due to academic, legal, employment or nobility status, etc. and that appears at the end of the name.","","","","","","","","","",,,,,"",,,,"HumanName.suffix",0,*,"","ele-1:All FHIR elements must have a @value or children {hasValue() or (children().count() > id.count())}
"
"IneraPatient","Patient.name.period","Patient.name.period","","","",0,1,"","","Y","Period {[]} {[]}
","Time period when name was/is in use","Indicates the period of time when this name was valid for the named person.","","Allows names to be placed in historical context.","","","","","","","",,,,,"",,,,"HumanName.period",0,1,"","ele-1:All FHIR elements must have a @value or children {hasValue() or (children().count() > id.count())}
"
"IneraPatient","Patient.telecom","Patient.telecom","","","",0,*,"","","Y","ContactPoint {[]} {[]}
","A contact detail for the individual","A contact detail (e.g. a telephone number or an email address) by which the individual may be contacted.","A Patient may have multiple ways to be contacted with different uses or applicable periods.  May need to have options for contacting the person urgently and also to help with identification. The address might not go directly to the individual, but may reach another party that is able to proxy for the patient (i.e. home phone, or pet owner's phone).","People have (primary) ways to contact them in some way such as phone, email.","","","","","","","",,,,,"",,,,"Patient.telecom",0,*,"","ele-1:All FHIR elements must have a @value or children {hasValue() or (children().count() > id.count())}
"
"IneraPatient","Patient.gender","Patient.gender","","","",0,1,"Y","","Y","code {[]} {[]}
","male | female | other | unknown","Administrative Gender - the gender that the patient is considered to have for administration and record keeping purposes.","The gender might not match the biological sex as determined by genetics or the individual's preferred identification. Note that for both humans and particularly animals, there are other legitimate possibilities than male and female, though the vast majority of systems and contexts only support male and female.  Systems providing decision support or enforcing business rules should ideally do this on the basis of Observations dealing with the specific sex or gender aspect of interest (anatomical, chromosomal, social, etc.)  However, because these observations are infrequently recorded, defaulting to the administrative gender is common practice.  Where such defaulting occurs, rule enforcement should allow for the variation between administrative and biological, chromosomal and other gender aspects.  For example, an alert about a hysterectomy on a male should be handled as a warning or overridable error, not a ""hard"" error.  See the Patient Gender and Sex section for additional information about communicating patient gender and sex.","Needed for identification of the individual, in combination with (at least) name and birth date.","","","","","","","",,"required","The gender of a person used for administrative purposes.","http://hl7.org/fhir/ValueSet/administrative-gender|5.0.0","",,,,"Patient.gender",0,1,"","ele-1:All FHIR elements must have a @value or children {hasValue() or (children().count() > id.count())}
"
"IneraPatient","Patient.birthDate","Patient.birthDate","","","",0,1,"Y","","Y","date {[]} {[]}
","The date of birth for the individual","The date of birth for the individual.","Partial dates are allowed if the specific date of birth is unknown. There is a standard extension ""patient-birthTime"" available that should be used where Time is required (such as in maternity/infant care systems).","Age of the individual drives many clinical processes.","","","","","","","",,,,,"",,,,"Patient.birthDate",0,1,"","ele-1:All FHIR elements must have a @value or children {hasValue() or (children().count() > id.count())}
"
"IneraPatient","Patient.deceased[x]","Patient.deceased[x]","","","",0,1,"","Y","Y","boolean {[]} {[]}
dateTime {[]} {[]}","Indicates if the individual is deceased or not","Indicates if the individual is deceased or not.","If there's no value in the instance, it means there is no statement on whether or not the individual is deceased. Most systems will interpret the absence of a value as a sign of the person being alive.","The fact that a patient is deceased influences the clinical process. Also, in human communication and relation management it is necessary to know whether the person is alive.","","","","","","","",,,,,"",,,,"Patient.deceased[x]",0,1,"","ele-1:All FHIR elements must have a @value or children {hasValue() or (children().count() > id.count())}
"
"IneraPatient","Patient.address","Patient.address","","","",0,*,"Y","","Y","Address {[]} {[]}
","An address for the individual","An address for the individual.","Patient may have multiple addresses with different uses or applicable periods.","May need to keep track of patient addresses for contacting, billing or reporting requirements and also to help with identification.","","","","","","","",,,,,"",,,,"Patient.address",0,*,"","ele-1:All FHIR elements must have a @value or children {hasValue() or (children().count() > id.count())}
"
"IneraPatient","Patient.address.id","Patient.address.id","","","",0,1,"","","","id {[]} {[]}
","Unique id for inter-element referencing","Unique id for the element within a resource (for internal references). This may be any string value that does not contain spaces.","","","","","","","","","",,,,,"",,,,"Element.id",0,1,"ele-1
",""
"IneraPatient","Patient.address.extension","Patient.address.extension","","extensions
user content","",0,*,"","","","Extension {[]} {[]}
","Additional content defined by implementations","May be used to represent additional information that is not part of the basic definition of the element. To make the use of extensions safe and managable, there is a strict set of governance applied to the definition and use of extensions. Though any implementer can define an extension, there is a set of requirements that SHALL be met as part of the definition of the extension.","There can be no stigma associated with the use of extensions by any application, project, or standard - regardless of the institution or jurisdiction that uses or defines the extensions.  The use of extensions is what allows the FHIR specification to retain a core level of simplicity for everyone.","","","","","","","","",,,,,"","value:url}
","Extensions are always sliced by (at least) url",,"open","Element.extension",0,*,"","ele-1:All FHIR elements must have a @value or children {hasValue() or (children().count() > id.count())}
ext-1:Must have either extensions or value[x], not both {extension.exists() != value.exists()}"
"IneraPatient","Patient.address.use","Patient.address.use","","","",0,1,"","Y","Y","code {[]} {[]}
","home | work | temp | old | billing - purpose of this address","The purpose of this address.","Applications can assume that an address is current unless it explicitly says that it is temporary or old.","Allows an appropriate address to be chosen from a list of many.","","","","","<valueCode xmlns=""http://hl7.org/fhir"" value=""home""/>","","",,"required","The use of an address (home / work / etc.).","http://hl7.org/fhir/ValueSet/address-use|5.0.0","",,,,"Address.use",0,1,"","ele-1:All FHIR elements must have a @value or children {hasValue() or (children().count() > id.count())}
"
"IneraPatient","Patient.address.type","Patient.address.type","","","",0,1,"","","Y","code {[]} {[]}
","postal | physical | both","Distinguishes between physical addresses (those you can visit) and mailing addresses (e.g. PO Boxes and care-of addresses). Most addresses are both.","The definition of Address states that ""address is intended to describe postal addresses, not physical locations"". However, many applications track whether an address has a dual purpose of being a location that can be visited as well as being a valid delivery destination, and Postal addresses are often used as proxies for physical locations (also see the [Location](http://hl7.org/fhir/R5/location.html#) resource).","","","","","","<valueCode xmlns=""http://hl7.org/fhir"" value=""both""/>","","",,"required","The type of an address (physical / postal).","http://hl7.org/fhir/ValueSet/address-type|5.0.0","",,,,"Address.type",0,1,"","ele-1:All FHIR elements must have a @value or children {hasValue() or (children().count() > id.count())}
"
"IneraPatient","Patient.address.text","Patient.address.text","","","",0,1,"","","Y","string {[]} {[]}
","Text representation of the address","Specifies the entire address as it should be displayed e.g. on a postal label. This may be provided instead of or as well as the specific parts.","Can provide both a text representation and parts. Applications updating an address SHALL ensure that  when both text and parts are present,  no content is included in the text that isn't found in a part.","A renderable, unencoded form.","","","","","<valueString xmlns=""http://hl7.org/fhir"" value=""137 Nowhere Street, Erewhon 9132""/>","","",,,,,"",,,,"Address.text",0,1,"","ele-1:All FHIR elements must have a @value or children {hasValue() or (children().count() > id.count())}
"
"IneraPatient","Patient.address.line","Patient.address.line","","","",0,*,"","","Y","string {[]} {[]}
","Street name, number, direction & P.O. Box etc.","This component contains the house number, apartment number, street name, street direction,  P.O. Box number, delivery hints, and similar address information.","","","","","","","<valueString xmlns=""http://hl7.org/fhir"" value=""137 Nowhere Street""/>","","",,,,,"",,,,"Address.line",0,*,"","ele-1:All FHIR elements must have a @value or children {hasValue() or (children().count() > id.count())}
"
"IneraPatient","Patient.address.city","Patient.address.city","","Municpality
","",0,1,"Y","","Y","string {[]} {[]}
","Name of city, town etc.","The name of the city, town, suburb, village or other community or delivery center.","","","","","","","<valueString xmlns=""http://hl7.org/fhir"" value=""Erewhon""/>","","",,,,,"",,,,"Address.city",0,1,"","ele-1:All FHIR elements must have a @value or children {hasValue() or (children().count() > id.count())}
"
"IneraPatient","Patient.address.district","Patient.address.district","","County
","",0,1,"","","Y","string {[]} {[]}
","District name (aka county)","The name of the administrative area (county).","District is sometimes known as county, but in some regions 'county' is used in place of city (municipality), so county name should be conveyed in city instead.","","","","","","<valueString xmlns=""http://hl7.org/fhir"" value=""Madison""/>","","",,,,,"",,,,"Address.district",0,1,"","ele-1:All FHIR elements must have a @value or children {hasValue() or (children().count() > id.count())}
"
"IneraPatient","Patient.address.state","Patient.address.state","","Province
Territory","",0,1,"","","Y","string {[]} {[]}
","Sub-unit of country (abbreviations ok)","Sub-unit of a country with limited sovereignty in a federally organized country. A code may be used if codes are in common use (e.g. US 2 letter state codes).","","","","","","","","","",,,,,"",,,,"Address.state",0,1,"","ele-1:All FHIR elements must have a @value or children {hasValue() or (children().count() > id.count())}
"
"IneraPatient","Patient.address.postalCode","Patient.address.postalCode","","Zip
","",0,1,"Y","","Y","string {[]} {[]}
","Postal code for area","A postal code designating a region defined by the postal service.","","","","","","","<valueString xmlns=""http://hl7.org/fhir"" value=""9132""/>","","",,,,,"",,,,"Address.postalCode",0,1,"","ele-1:All FHIR elements must have a @value or children {hasValue() or (children().count() > id.count())}
"
"IneraPatient","Patient.address.country","Patient.address.country","","","",0,1,"Y","","Y","string {[]} {[]}
","Country (e.g. may be ISO 3166 2 or 3 letter code)","Country - a nation as commonly understood or generally accepted.","ISO 3166 2- or 3- letter codes MAY be used in place of a human readable country name.","","","","","","","","",,,,,"",,,,"Address.country",0,1,"","ele-1:All FHIR elements must have a @value or children {hasValue() or (children().count() > id.count())}
"
"IneraPatient","Patient.address.period","Patient.address.period","","","",0,1,"","","Y","Period {[]} {[]}
","Time period when address was/is in use","Time period when address was/is in use.","","Allows addresses to be placed in historical context.","","","","","<valuePeriod xmlns=""http://hl7.org/fhir"">
  <start value=""2010-03-23""/>
  <end value=""2010-07-01""/>
</valuePeriod>","","",,,,,"",,,,"Address.period",0,1,"","ele-1:All FHIR elements must have a @value or children {hasValue() or (children().count() > id.count())}
"
"IneraPatient","Patient.maritalStatus","Patient.maritalStatus","","","",0,1,"","","","CodeableConcept {[]} {[]}
","Marital (civil) status of a patient","This field contains a patient's most recent marital (civil) status.","","Most, if not all systems capture it.","","","","","","","",,"extensible","The domestic partnership status of a person.","http://hl7.org/fhir/ValueSet/marital-status|5.0.0","",,,,"Patient.maritalStatus",0,1,"","ele-1:All FHIR elements must have a @value or children {hasValue() or (children().count() > id.count())}
"
"IneraPatient","Patient.multipleBirth[x]","Patient.multipleBirth[x]","","","",0,1,"","","","boolean {[]} {[]}
integer {[]} {[]}","Whether patient is part of a multiple birth","Indicates whether the patient is part of a multiple (boolean) or indicates the actual birth order (integer).","Where the valueInteger is provided, the number is the birth number in the sequence. E.g. The middle birth in triplets would be valueInteger=2 and the third born would have valueInteger=3 If a boolean value was provided for this triplets example, then all 3 patient records would have valueBoolean=true (the ordering is not indicated).","For disambiguation of multiple-birth children, especially relevant where the care provider doesn't meet the patient, such as labs.","","","","","","","",,,,,"",,,,"Patient.multipleBirth[x]",0,1,"","ele-1:All FHIR elements must have a @value or children {hasValue() or (children().count() > id.count())}
"
"IneraPatient","Patient.photo","Patient.photo","","","",0,*,"","","","Attachment {[]} {[]}
","Image of the patient","Image of the patient.","Guidelines:
* Use id photos, not clinical photos.
* Limit dimensions to thumbnail.
* Keep byte count low to ease resource updates.","Many EHR systems have the capability to capture an image of the patient. Fits with newer social media usage too.","","","","","","","",,,,,"",,,,"Patient.photo",0,*,"","ele-1:All FHIR elements must have a @value or children {hasValue() or (children().count() > id.count())}
"
"IneraPatient","Patient.contact","Patient.contact","","","",0,*,"","","","BackboneElement {[]} {[]}
","A contact party (e.g. guardian, partner, friend) for the patient","A contact party (e.g. guardian, partner, friend) for the patient.","Contact covers all kinds of contact parties: family members, business contacts, guardians, caregivers. Not applicable to register pedigree and family ties beyond use of having contact.","Need to track people you can contact about the patient.","","","","","","","",,,,,"",,,,"Patient.contact",0,*,"","ele-1:All FHIR elements must have a @value or children {hasValue() or (children().count() > id.count())}
pat-1:SHALL at least contain a contact's details or a reference to an organization {name.exists() or telecom.exists() or address.exists() or organization.exists()}"
"IneraPatient","Patient.contact.id","Patient.contact.id","","","",0,1,"","","","string {[]} {[]}
","Unique id for inter-element referencing","Unique id for the element within a resource (for internal references). This may be any string value that does not contain spaces.","","","","","","","","","",,,,,"",,,,"Element.id",0,1,"ele-1
",""
"IneraPatient","Patient.contact.extension","Patient.contact.extension","","extensions
user content","",0,*,"","","","Extension {[]} {[]}
","Additional content defined by implementations","May be used to represent additional information that is not part of the basic definition of the element. To make the use of extensions safe and managable, there is a strict set of governance applied to the definition and use of extensions. Though any implementer can define an extension, there is a set of requirements that SHALL be met as part of the definition of the extension.","There can be no stigma associated with the use of extensions by any application, project, or standard - regardless of the institution or jurisdiction that uses or defines the extensions.  The use of extensions is what allows the FHIR specification to retain a core level of simplicity for everyone.","","","","","","","","",,,,,"",,,,"Element.extension",0,*,"","ele-1:All FHIR elements must have a @value or children {hasValue() or (children().count() > id.count())}
ext-1:Must have either extensions or value[x], not both {extension.exists() != value.exists()}"
"IneraPatient","Patient.contact.modifierExtension","Patient.contact.modifierExtension","","extensions
user contentmodifiers","",0,*,"","Y","Y","Extension {[]} {[]}
","Extensions that cannot be ignored even if unrecognized","May be used to represent additional information that is not part of the basic definition of the element and that modifies the understanding of the element in which it is contained and/or the understanding of the containing element's descendants. Usually modifier elements provide negation or qualification. To make the use of extensions safe and managable, there is a strict set of governance applied to the definition and use of extensions. Though any implementer can define an extension, there is a set of requirements that SHALL be met as part of the definition of the extension. Applications processing a resource are required to check for modifier extensions.

Modifier extensions SHALL NOT change the meaning of any elements on Resource or DomainResource (including cannot change the meaning of modifierExtension itself).","There can be no stigma associated with the use of extensions by any application, project, or standard - regardless of the institution or jurisdiction that uses or defines the extensions.  The use of extensions is what allows the FHIR specification to retain a core level of simplicity for everyone.","Modifier extensions allow for extensions that *cannot* be safely ignored to be clearly distinguished from the vast majority of extensions which can be safely ignored.  This promotes interoperability by eliminating the need for implementers to prohibit the presence of extensions. For further information, see the [definition of modifier extensions](http://hl7.org/fhir/R5/extensibility.html#modifierExtension).","","","","","","","",,,,,"",,,,"BackboneElement.modifierExtension",0,*,"","ele-1:All FHIR elements must have a @value or children {hasValue() or (children().count() > id.count())}
ext-1:Must have either extensions or value[x], not both {extension.exists() != value.exists()}"
"IneraPatient","Patient.contact.relationship","Patient.contact.relationship","","","",0,*,"","","","CodeableConcept {[]} {[]}
","The kind of relationship","The nature of the relationship between the patient and the contact person.","","Used to determine which contact person is the most relevant to approach, depending on circumstances.","","","","","","","",,"extensible","The nature of the relationship between a patient and a contact person for that patient.","http://hl7.org/fhir/ValueSet/patient-contactrelationship|5.0.0","",,,,"Patient.contact.relationship",0,*,"","ele-1:All FHIR elements must have a @value or children {hasValue() or (children().count() > id.count())}
"
"IneraPatient","Patient.contact.name","Patient.contact.name","","","",0,1,"","","","HumanName {[]} {[]}
","A name associated with the contact person","A name associated with the contact person.","","Contact persons need to be identified by name, but it is uncommon to need details about multiple other names for that contact person.","","","","","","","",,,,,"",,,,"Patient.contact.name",0,1,"pat-1
","ele-1:All FHIR elements must have a @value or children {hasValue() or (children().count() > id.count())}
"
"IneraPatient","Patient.contact.telecom","Patient.contact.telecom","","","",0,*,"","","","ContactPoint {[]} {[]}
","A contact detail for the person","A contact detail for the person, e.g. a telephone number or an email address.","Contact may have multiple ways to be contacted with different uses or applicable periods.  May need to have options for contacting the person urgently, and also to help with identification.","People have (primary) ways to contact them in some way such as phone, email.","","","","","","","",,,,,"",,,,"Patient.contact.telecom",0,*,"pat-1
","ele-1:All FHIR elements must have a @value or children {hasValue() or (children().count() > id.count())}
"
"IneraPatient","Patient.contact.address","Patient.contact.address","","","",0,1,"","","","Address {[]} {[]}
","Address for the contact person","Address for the contact person.","","Need to keep track where the contact person can be contacted per postal mail or visited.","","","","","","","",,,,,"",,,,"Patient.contact.address",0,1,"pat-1
","ele-1:All FHIR elements must have a @value or children {hasValue() or (children().count() > id.count())}
"
"IneraPatient","Patient.contact.gender","Patient.contact.gender","","","",0,1,"","","","code {[]} {[]}
","male | female | other | unknown","Administrative Gender - the gender that the contact person is considered to have for administration and record keeping purposes.","","Needed to address the person correctly.","","","","","","","",,"required","The gender of a person used for administrative purposes.","http://hl7.org/fhir/ValueSet/administrative-gender|5.0.0","",,,,"Patient.contact.gender",0,1,"","ele-1:All FHIR elements must have a @value or children {hasValue() or (children().count() > id.count())}
"
"IneraPatient","Patient.contact.organization","Patient.contact.organization","","","",0,1,"","","","Reference {[]} {[CanonicalType[http://hl7.org/fhir/StructureDefinition/Organization|5.0.0]]}
","Organization that is associated with the contact","Organization on behalf of which the contact is acting or for which the contact is working.","","For guardians or business related contacts, the organization is relevant.","","","","","","","",,,,,"",,,,"Patient.contact.organization",0,1,"pat-1
","ele-1:All FHIR elements must have a @value or children {hasValue() or (children().count() > id.count())}
"
"IneraPatient","Patient.contact.period","Patient.contact.period","","","",0,1,"","","","Period {[]} {[]}
","The period during which this contact person or organization is valid to be contacted relating to this patient","The period during which this contact person or organization is valid to be contacted relating to this patient.","","","","","","","","","",,,,,"",,,,"Patient.contact.period",0,1,"","ele-1:All FHIR elements must have a @value or children {hasValue() or (children().count() > id.count())}
"
"IneraPatient","Patient.communication","Patient.communication","","","",0,*,"","","","BackboneElement {[]} {[]}
","A language which may be used to communicate with the patient about his or her health","A language which may be used to communicate with the patient about his or her health.","If no language is specified, this *implies* that the default local language is spoken.  If you need to convey proficiency for multiple modes, then you need multiple Patient.Communication associations.   For animals, language is not a relevant field, and should be absent from the instance. If the Patient does not speak the default local language, then the Interpreter Required Standard can be used to explicitly declare that an interpreter is required.","If a patient does not speak the local language, interpreters may be required, so languages spoken and proficiency are important things to keep track of both for patient and other persons of interest.","","","","","","","",,,,,"",,,,"Patient.communication",0,*,"","ele-1:All FHIR elements must have a @value or children {hasValue() or (children().count() > id.count())}
"
"IneraPatient","Patient.communication.id","Patient.communication.id","","","",0,1,"","","","string {[]} {[]}
","Unique id for inter-element referencing","Unique id for the element within a resource (for internal references). This may be any string value that does not contain spaces.","","","","","","","","","",,,,,"",,,,"Element.id",0,1,"ele-1
",""
"IneraPatient","Patient.communication.extension","Patient.communication.extension","","extensions
user content","",0,*,"","","","Extension {[]} {[]}
","Additional content defined by implementations","May be used to represent additional information that is not part of the basic definition of the element. To make the use of extensions safe and managable, there is a strict set of governance applied to the definition and use of extensions. Though any implementer can define an extension, there is a set of requirements that SHALL be met as part of the definition of the extension.","There can be no stigma associated with the use of extensions by any application, project, or standard - regardless of the institution or jurisdiction that uses or defines the extensions.  The use of extensions is what allows the FHIR specification to retain a core level of simplicity for everyone.","","","","","","","","",,,,,"",,,,"Element.extension",0,*,"","ele-1:All FHIR elements must have a @value or children {hasValue() or (children().count() > id.count())}
ext-1:Must have either extensions or value[x], not both {extension.exists() != value.exists()}"
"IneraPatient","Patient.communication.modifierExtension","Patient.communication.modifierExtension","","extensions
user contentmodifiers","",0,*,"","Y","Y","Extension {[]} {[]}
","Extensions that cannot be ignored even if unrecognized","May be used to represent additional information that is not part of the basic definition of the element and that modifies the understanding of the element in which it is contained and/or the understanding of the containing element's descendants. Usually modifier elements provide negation or qualification. To make the use of extensions safe and managable, there is a strict set of governance applied to the definition and use of extensions. Though any implementer can define an extension, there is a set of requirements that SHALL be met as part of the definition of the extension. Applications processing a resource are required to check for modifier extensions.

Modifier extensions SHALL NOT change the meaning of any elements on Resource or DomainResource (including cannot change the meaning of modifierExtension itself).","There can be no stigma associated with the use of extensions by any application, project, or standard - regardless of the institution or jurisdiction that uses or defines the extensions.  The use of extensions is what allows the FHIR specification to retain a core level of simplicity for everyone.","Modifier extensions allow for extensions that *cannot* be safely ignored to be clearly distinguished from the vast majority of extensions which can be safely ignored.  This promotes interoperability by eliminating the need for implementers to prohibit the presence of extensions. For further information, see the [definition of modifier extensions](http://hl7.org/fhir/R5/extensibility.html#modifierExtension).","","","","","","","",,,,,"",,,,"BackboneElement.modifierExtension",0,*,"","ele-1:All FHIR elements must have a @value or children {hasValue() or (children().count() > id.count())}
ext-1:Must have either extensions or value[x], not both {extension.exists() != value.exists()}"
"IneraPatient","Patient.communication.language","Patient.communication.language","","","",1,1,"","","","CodeableConcept {[]} {[]}
","The language which can be used to communicate with the patient about his or her health","The ISO-639-1 alpha 2 code in lower case for the language, optionally followed by a hyphen and the ISO-3166-1 alpha 2 code for the region in upper case; e.g. ""en"" for English, or ""en-US"" for American English versus ""en-AU"" for Australian English.","The structure aa-BB with this exact casing is one the most widely used notations for locale. However not all systems actually code this but instead have it as free text. Hence CodeableConcept instead of code as the data type.","Most systems in multilingual countries will want to convey language. Not all systems actually need the regional dialect.","","","","","","","",,"required","IETF language tag for a human language","http://hl7.org/fhir/ValueSet/all-languages|5.0.0","",,,,"Patient.communication.language",1,1,"","ele-1:All FHIR elements must have a @value or children {hasValue() or (children().count() > id.count())}
"
"IneraPatient","Patient.communication.preferred","Patient.communication.preferred","","","",0,1,"","","","boolean {[]} {[]}
","Language preference indicator","Indicates whether or not the patient prefers this language (over other languages he masters up a certain level).","This language is specifically identified for communicating healthcare information.","People that master multiple languages up to certain level may prefer one or more, i.e. feel more confident in communicating in a particular language making other languages sort of a fall back method.","","","","","","","",,,,,"",,,,"Patient.communication.preferred",0,1,"","ele-1:All FHIR elements must have a @value or children {hasValue() or (children().count() > id.count())}
"
"IneraPatient","Patient.generalPractitioner","Patient.generalPractitioner","","careProvider
","",0,*,"","","","Reference {[]} {[CanonicalType[http://hl7.org/fhir/StructureDefinition/Organization|5.0.0], CanonicalType[http://hl7.org/fhir/StructureDefinition/Practitioner|5.0.0], CanonicalType[http://hl7.org/fhir/StructureDefinition/PractitionerRole|5.0.0]]}
","Patient's nominated primary care provider","Patient's nominated care provider.","This may be the primary care provider (in a GP context), or it may be a patient nominated care manager in a community/disability setting, or even organization that will provide people to perform the care provider roles.  It is not to be used to record Care Teams, these should be in a CareTeam resource that may be linked to the CarePlan or EpisodeOfCare resources.
Multiple GPs may be recorded against the patient for various reasons, such as a student that has his home GP listed along with the GP at university during the school semesters, or a ""fly-in/fly-out"" worker that has the onsite GP also included with his home GP to remain aware of medical issues.

Jurisdictions may decide that they can profile this down to 1 if desired, or 1 per type.","","","","","","","","",,,,,"",,,,"Patient.generalPractitioner",0,*,"","ele-1:All FHIR elements must have a @value or children {hasValue() or (children().count() > id.count())}
"
"IneraPatient","Patient.managingOrganization","Patient.managingOrganization","","","",0,1,"","","Y","Reference {[]} {[CanonicalType[http://hl7.org/fhir/StructureDefinition/Organization|5.0.0]]}
","Organization that is the custodian of the patient record","Organization that is the custodian of the patient record.","There is only one managing organization for a specific patient record. Other organizations will have their own Patient record, and may use the Link property to join the records together (or a Person resource which can include confidence ratings for the association).","Need to know who recognizes this patient record, manages and updates it.","","","","","","","",,,,,"",,,,"Patient.managingOrganization",0,1,"","ele-1:All FHIR elements must have a @value or children {hasValue() or (children().count() > id.count())}
"
"IneraPatient","Patient.link","Patient.link","","","",0,*,"","Y","Y","BackboneElement {[]} {[]}
","Link to a Patient or RelatedPerson resource that concerns the same actual individual","Link to a Patient or RelatedPerson resource that concerns the same actual individual.","There is no assumption that linked patient records have mutual links.","There are multiple use cases:   

* Duplicate patient records due to the clerical errors associated with the difficulties of identifying humans consistently, and 
* Distribution of patient information across multiple servers.","","","","","","","",,,,,"",,,,"Patient.link",0,*,"","ele-1:All FHIR elements must have a @value or children {hasValue() or (children().count() > id.count())}
"
"IneraPatient","Patient.link.id","Patient.link.id","","","",0,1,"","","","string {[]} {[]}
","Unique id for inter-element referencing","Unique id for the element within a resource (for internal references). This may be any string value that does not contain spaces.","","","","","","","","","",,,,,"",,,,"Element.id",0,1,"ele-1
",""
"IneraPatient","Patient.link.extension","Patient.link.extension","","extensions
user content","",0,*,"","","","Extension {[]} {[]}
","Additional content defined by implementations","May be used to represent additional information that is not part of the basic definition of the element. To make the use of extensions safe and managable, there is a strict set of governance applied to the definition and use of extensions. Though any implementer can define an extension, there is a set of requirements that SHALL be met as part of the definition of the extension.","There can be no stigma associated with the use of extensions by any application, project, or standard - regardless of the institution or jurisdiction that uses or defines the extensions.  The use of extensions is what allows the FHIR specification to retain a core level of simplicity for everyone.","","","","","","","","",,,,,"",,,,"Element.extension",0,*,"","ele-1:All FHIR elements must have a @value or children {hasValue() or (children().count() > id.count())}
ext-1:Must have either extensions or value[x], not both {extension.exists() != value.exists()}"
"IneraPatient","Patient.link.modifierExtension","Patient.link.modifierExtension","","extensions
user contentmodifiers","",0,*,"","Y","Y","Extension {[]} {[]}
","Extensions that cannot be ignored even if unrecognized","May be used to represent additional information that is not part of the basic definition of the element and that modifies the understanding of the element in which it is contained and/or the understanding of the containing element's descendants. Usually modifier elements provide negation or qualification. To make the use of extensions safe and managable, there is a strict set of governance applied to the definition and use of extensions. Though any implementer can define an extension, there is a set of requirements that SHALL be met as part of the definition of the extension. Applications processing a resource are required to check for modifier extensions.

Modifier extensions SHALL NOT change the meaning of any elements on Resource or DomainResource (including cannot change the meaning of modifierExtension itself).","There can be no stigma associated with the use of extensions by any application, project, or standard - regardless of the institution or jurisdiction that uses or defines the extensions.  The use of extensions is what allows the FHIR specification to retain a core level of simplicity for everyone.","Modifier extensions allow for extensions that *cannot* be safely ignored to be clearly distinguished from the vast majority of extensions which can be safely ignored.  This promotes interoperability by eliminating the need for implementers to prohibit the presence of extensions. For further information, see the [definition of modifier extensions](http://hl7.org/fhir/R5/extensibility.html#modifierExtension).","","","","","","","",,,,,"",,,,"BackboneElement.modifierExtension",0,*,"","ele-1:All FHIR elements must have a @value or children {hasValue() or (children().count() > id.count())}
ext-1:Must have either extensions or value[x], not both {extension.exists() != value.exists()}"
"IneraPatient","Patient.link.other","Patient.link.other","","","",1,1,"","","Y","Reference {[]} {[CanonicalType[http://hl7.org/fhir/StructureDefinition/Patient|5.0.0], CanonicalType[http://hl7.org/fhir/StructureDefinition/RelatedPerson|5.0.0]]}
","The other patient or related person resource that the link refers to","Link to a Patient or RelatedPerson resource that concerns the same actual individual.","Referencing a RelatedPerson here removes the need to use a Person record to associate a Patient and RelatedPerson as the same individual.","","","","","","","","",,,,,"",,,,"Patient.link.other",1,1,"","ele-1:All FHIR elements must have a @value or children {hasValue() or (children().count() > id.count())}
"
"IneraPatient","Patient.link.type","Patient.link.type","","","",1,1,"","","Y","code {[]} {[]}
","replaced-by | replaces | refer | seealso","The type of link between this patient resource and another patient resource.","","","","","","","","","",,"required","The type of link between this patient resource and another Patient resource, or Patient/RelatedPerson when using the `seealso` code","http://hl7.org/fhir/ValueSet/link-type|5.0.0","",,,,"Patient.link.type",1,1,"","ele-1:All FHIR elements must have a @value or children {hasValue() or (children().count() > id.count())}
"
"tk-administrator-role","PractitionerRole","PractitionerRole","","","",0,*,"","","","null {[]} {[]}
","Roles/organizations the practitioner is associated with","A specific set of Roles/Locations/specialties/services that a practitioner may perform at an organization for a period of time.","","","","","","","","","",,,,,"",,,,"PractitionerRole",0,*,"","dom-2:If the resource is contained in another resource, it SHALL NOT contain nested Resources {contained.contained.empty()}
dom-3:If the resource is contained in another resource, it SHALL be referred to from elsewhere in the resource or SHALL refer to the containing resource {contained.where((('#'+id in (%resource.descendants().reference | %resource.descendants().ofType(canonical) | %resource.descendants().ofType(uri) | %resource.descendants().ofType(url))) or descendants().where(reference = '#').exists() or descendants().where(ofType(canonical) = '#').exists() or descendants().where(ofType(canonical) = '#').exists()).not()).trace('unmatched', id).empty()}dom-4:If a resource is contained in another resource, it SHALL NOT have a meta.versionId or a meta.lastUpdated {contained.meta.versionId.empty() and contained.meta.lastUpdated.empty()}dom-5:If a resource is contained in another resource, it SHALL NOT have a security label {contained.meta.security.empty()}dom-6:A resource should have narrative for robust management {text.`div`.exists()}"
"tk-administrator-role","PractitionerRole.id","PractitionerRole.id","","","",0,1,"Y","","Y","id {[]} {[]}
","Logical id of this artifact","The logical id of the resource, as used in the URL for the resource. Once assigned, this value never changes.","Within the context of the FHIR RESTful interactions, the resource has an id except for cases like the create and conditional update. Otherwise, the use of the resouce id depends on the given use case.","","","","","","","","",,,,,"",,,,"Resource.id",0,1,"",""
"tk-administrator-role","PractitionerRole.meta","PractitionerRole.meta","","","",0,1,"","","Y","Meta {[]} {[]}
","Metadata about the resource","The metadata about the resource. This is content that is maintained by the infrastructure. Changes to the content might not always be associated with version changes to the resource.","","","","","","","","","",,,,,"",,,,"Resource.meta",0,1,"","ele-1:All FHIR elements must have a @value or children {hasValue() or (children().count() > id.count())}
"
"tk-administrator-role","PractitionerRole.implicitRules","PractitionerRole.implicitRules","","","",0,1,"","Y","Y","uri {[]} {[]}
","A set of rules under which this content was created","A reference to a set of rules that were followed when the resource was constructed, and which must be understood when processing the content. Often, this is a reference to an implementation guide that defines the special rules along with other profiles etc.","Asserting this rule set restricts the content to be only understood by a limited set of trading partners. This inherently limits the usefulness of the data in the long term. However, the existing health eco-system is highly fractured, and not yet ready to define, collect, and exchange data in a generally computable sense. Wherever possible, implementers and/or specification writers should avoid using this element. Often, when used, the URL is a reference to an implementation guide that defines these special rules as part of its narrative along with other profiles, value sets, etc.","","","","","","","","",,,,,"",,,,"Resource.implicitRules",0,1,"","ele-1:All FHIR elements must have a @value or children {hasValue() or (children().count() > id.count())}
"
"tk-administrator-role","PractitionerRole.language","PractitionerRole.language","","","",0,1,"","","","code {[]} {[]}
","Language of the resource content","The base language in which the resource is written.","Language is provided to support indexing and accessibility (typically, services such as text to speech use the language tag). The html language tag in the narrative applies  to the narrative. The language tag on the resource may be used to specify the language of other presentations generated from the data in the resource. Not all the content has to be in the base language. The Resource.language should not be assumed to apply to the narrative automatically. If a language is specified, it should it also be specified on the div element in the html (see rules in HTML5 for information about the relationship between xml:lang and the html lang attribute).","","","","","","","","",,"required","IETF language tag for a human language","http://hl7.org/fhir/ValueSet/all-languages|5.0.0","",,,,"Resource.language",0,1,"","ele-1:All FHIR elements must have a @value or children {hasValue() or (children().count() > id.count())}
"
"tk-administrator-role","PractitionerRole.text","PractitionerRole.text","","narrative
htmlxhtmldisplay","",0,1,"","","","Narrative {[]} {[]}
","Text summary of the resource, for human interpretation","A human-readable narrative that contains a summary of the resource and can be used to represent the content of the resource to a human. The narrative need not encode all the structured data, but is required to contain sufficient detail to make it ""clinically safe"" for a human to just read the narrative. Resource definitions may define what content should be represented in the narrative to ensure clinical safety.","Contained resources do not have a narrative. Resources that are not contained SHOULD have a narrative. In some cases, a resource may only have text with little or no additional discrete data (as long as all minOccurs=1 elements are satisfied).  This may be necessary for data from legacy systems where information is captured as a ""text blob"" or where text is additionally entered raw or narrated and encoded information is added later.","","","","","","","","",,,,,"",,,,"DomainResource.text",0,1,"dom-6
","ele-1:All FHIR elements must have a @value or children {hasValue() or (children().count() > id.count())}
"
"tk-administrator-role","PractitionerRole.contained","PractitionerRole.contained","","inline resources
anonymous resourcescontained resources","",0,*,"","","","Resource {[]} {[]}
","Contained, inline Resources","These resources do not have an independent existence apart from the resource that contains them - they cannot be identified independently, nor can they have their own independent transaction scope. This is allowed to be a Parameters resource if and only if it is referenced by a resource that provides context/meaning.","This should never be done when the content can be identified properly, as once identification is lost, it is extremely difficult (and context dependent) to restore it again. Contained resources may have profiles and tags in their meta elements, but SHALL NOT have security labels.","","","","","","","","",,,,,"",,,,"DomainResource.contained",0,*,"dom-2
dom-4dom-3dom-5",""
"tk-administrator-role","PractitionerRole.extension","PractitionerRole.extension","","extensions
user content","",0,*,"","","","Extension {[]} {[]}
","Additional content defined by implementations","May be used to represent additional information that is not part of the basic definition of the resource. To make the use of extensions safe and managable, there is a strict set of governance applied to the definition and use of extensions. Though any implementer can define an extension, there is a set of requirements that SHALL be met as part of the definition of the extension.","There can be no stigma associated with the use of extensions by any application, project, or standard - regardless of the institution or jurisdiction that uses or defines the extensions.  The use of extensions is what allows the FHIR specification to retain a core level of simplicity for everyone.","","","","","","","","",,,,,"",,,,"DomainResource.extension",0,*,"","ele-1:All FHIR elements must have a @value or children {hasValue() or (children().count() > id.count())}
ext-1:Must have either extensions or value[x], not both {extension.exists() != value.exists()}"
"tk-administrator-role","PractitionerRole.modifierExtension","PractitionerRole.modifierExtension","","extensions
user content","",0,*,"","Y","Y","Extension {[]} {[]}
","Extensions that cannot be ignored","May be used to represent additional information that is not part of the basic definition of the resource and that modifies the understanding of the element that contains it and/or the understanding of the containing element's descendants. Usually modifier elements provide negation or qualification. To make the use of extensions safe and managable, there is a strict set of governance applied to the definition and use of extensions. Though any implementer is allowed to define an extension, there is a set of requirements that SHALL be met as part of the definition of the extension. Applications processing a resource are required to check for modifier extensions.

Modifier extensions SHALL NOT change the meaning of any elements on Resource or DomainResource (including cannot change the meaning of modifierExtension itself).","There can be no stigma associated with the use of extensions by any application, project, or standard - regardless of the institution or jurisdiction that uses or defines the extensions.  The use of extensions is what allows the FHIR specification to retain a core level of simplicity for everyone.","Modifier extensions allow for extensions that *cannot* be safely ignored to be clearly distinguished from the vast majority of extensions which can be safely ignored.  This promotes interoperability by eliminating the need for implementers to prohibit the presence of extensions. For further information, see the [definition of modifier extensions](http://hl7.org/fhir/R5/extensibility.html#modifierExtension).","","","","","","","",,,,,"",,,,"DomainResource.modifierExtension",0,*,"","ele-1:All FHIR elements must have a @value or children {hasValue() or (children().count() > id.count())}
ext-1:Must have either extensions or value[x], not both {extension.exists() != value.exists()}"
"tk-administrator-role","PractitionerRole.identifier","PractitionerRole.identifier","","","",0,*,"","","Y","Identifier {[]} {[]}
","Identifiers for a role/location","Business Identifiers that are specific to a role/location.","A specific identifier value (e.g. Minnesota Registration ID) may appear on multiple PractitionerRole instances which could be for different periods, or different Roles (or other reasons).  A specific identifier may be included multiple times in the same PractitionerRole instance with different identifier validity periods.","Often, specific identities are assigned for the agent.","","","","","","","",,,,,"",,,,"PractitionerRole.identifier",0,*,"","ele-1:All FHIR elements must have a @value or children {hasValue() or (children().count() > id.count())}
"
"tk-administrator-role","PractitionerRole.active","PractitionerRole.active","","","",0,1,"","","Y","boolean {[]} {[]}
","Whether this practitioner role record is in active use"," Whether this practitioner role record is in active use. Some systems may use this property to mark non-active practitioners, such as those that are not currently employed.","If this value is false, you may refer to the period to see when the role was in active use. If there is no period specified, no inference can be made about when it was active.","Need to be able to mark a practitioner role record as not to be used because it was created in error, or otherwise no longer in active use.","","This resource is generally assumed to be active if no value is provided for the active element","","","","","",,,,,"",,,,"PractitionerRole.active",0,1,"","ele-1:All FHIR elements must have a @value or children {hasValue() or (children().count() > id.count())}
"
"tk-administrator-role","PractitionerRole.period","PractitionerRole.period","","","",0,1,"","","Y","Period {[]} {[]}
","The period during which the practitioner is authorized to perform in these role(s)","The period during which the person is authorized to act as a practitioner in these role(s) for the organization.","If a practitioner is performing a role within an organization over multiple, non-adjacent periods, there should be a distinct PractitionerRole instance for each period.  For example, if a nurse is employed at a hospital, leaves the organization for a period of time due to pandemic related stress, but returns post-pandemic to the same job role, there would be two PractitionerRole instances for the different periods of employment.","Even after the agencies is revoked, the fact that it existed must still be recorded.","","","","","","","",,,,,"",,,,"PractitionerRole.period",0,1,"","ele-1:All FHIR elements must have a @value or children {hasValue() or (children().count() > id.count())}
"
"tk-administrator-role","PractitionerRole.practitioner","PractitionerRole.practitioner","","","",0,1,"Y","","Y","Reference {[]} {[CanonicalType[http://hl7.org/fhir/StructureDefinition/Practitioner|5.0.0]]}
","Kontot/systemet som innehar behörigheten","Practitioner that is able to provide the defined services for the organization.","","","","","","","","","",,,,,"",,,,"PractitionerRole.practitioner",0,1,"","ele-1:All FHIR elements must have a @value or children {hasValue() or (children().count() > id.count())}
"
"tk-administrator-role","PractitionerRole.organization","PractitionerRole.organization","","","",0,1,"Y","","Y","Reference {[]} {[CanonicalType[https://fhir.inera.se/ig/tjanstekatalog/StructureDefinition/tk-organization]]}
","Organisationen administratören representerar (utelämnad för central-admin = alla)","The organization where the Practitioner performs the roles associated.","","","","","","","","","",,,,,"",,,,"PractitionerRole.organization",0,1,"","ele-1:All FHIR elements must have a @value or children {hasValue() or (children().count() > id.count())}
"
"tk-administrator-role","PractitionerRole.code","PractitionerRole.code","","","",1,1,"Y","","Y","CodeableConcept {[]} {[]}
","Administrationsnivå (local-admin/central-admin)","Roles which this practitioner is authorized to perform for the organization.","A person may have more than one role.","Need to know what authority the practitioner has - what can they do?","","","","","","","",,"example","","https://fhir.inera.se/ig/tjanstekatalog/ValueSet/tk-administrator-role","",,,,"PractitionerRole.code",0,*,"","ele-1:All FHIR elements must have a @value or children {hasValue() or (children().count() > id.count())}
"
"tk-administrator-role","PractitionerRole.specialty","PractitionerRole.specialty","","","",0,*,"","","Y","CodeableConcept {[]} {[]}
","Specific specialty of the practitioner","The specialty of a practitioner that describes the functional role they are practicing at a given organization or location.","The specialty represents the functional role a practitioner is playing within an organization/location. This role may require the individual have certain qualifications, which would be represented in the Practitioner.qualifications property.  Note that qualifications may or might not relate to or be required by the practicing specialty.","","","","","","","","",,"preferred","Specific specialty associated with the agency.","http://hl7.org/fhir/ValueSet/c80-practice-codes|5.0.0","",,,,"PractitionerRole.specialty",0,*,"","ele-1:All FHIR elements must have a @value or children {hasValue() or (children().count() > id.count())}
"
"tk-administrator-role","PractitionerRole.location","PractitionerRole.location","","","",0,*,"","","Y","Reference {[]} {[CanonicalType[http://hl7.org/fhir/StructureDefinition/Location|5.0.0]]}
","Location(s) where the practitioner provides care","The location(s) at which this practitioner provides care.","","","","","","","","","",,,,,"",,,,"PractitionerRole.location",0,*,"","ele-1:All FHIR elements must have a @value or children {hasValue() or (children().count() > id.count())}
"
"tk-administrator-role","PractitionerRole.healthcareService","PractitionerRole.healthcareService","","","",0,*,"","","","Reference {[]} {[CanonicalType[http://hl7.org/fhir/StructureDefinition/HealthcareService|5.0.0]]}
","Healthcare services provided for this role's Organization/Location(s)","The list of healthcare services that this worker provides for this role's Organization/Location(s).","","","","","","","","","",,,,,"",,,,"PractitionerRole.healthcareService",0,*,"","ele-1:All FHIR elements must have a @value or children {hasValue() or (children().count() > id.count())}
"
"tk-administrator-role","PractitionerRole.contact","PractitionerRole.contact","","","",0,*,"","","","ExtendedContactDetail {[]} {[]}
","Official contact details relating to this PractitionerRole","The contact details of communication devices available relevant to the specific PractitionerRole. This can include addresses, phone numbers, fax numbers, mobile numbers, email addresses and web sites.","","Often practitioners have a dedicated line for each location (or service) that they work at, and need to be able to define separate contact details for each of these. Sometimes these also include a named person/organization that handles contact for specific purposes, such as a receptionist, or accounts clerk etc.","","","","","","","",,,,,"",,,,"PractitionerRole.contact",0,*,"","ele-1:All FHIR elements must have a @value or children {hasValue() or (children().count() > id.count())}
"
"tk-administrator-role","PractitionerRole.characteristic","PractitionerRole.characteristic","","","",0,*,"","","","CodeableConcept {[]} {[]}
","Collection of characteristics (attributes)","Collection of characteristics (attributes).","These could be such things as is the service mode used by this role.","","","","","","","","",,"example","A custom attribute that could be provided at a service (e.g. Wheelchair accessibility).","http://hl7.org/fhir/ValueSet/service-mode|5.0.0","",,,,"PractitionerRole.characteristic",0,*,"","ele-1:All FHIR elements must have a @value or children {hasValue() or (children().count() > id.count())}
"
"tk-administrator-role","PractitionerRole.communication","PractitionerRole.communication","","","",0,*,"","","","CodeableConcept {[]} {[]}
","A language the practitioner (in this role) can use in patient communication","A language the practitioner can use in patient communication. The practitioner may know several languages (listed in practitioner.communication), however these are the languages that could be advertised in a directory for a patient to search.","The structure aa-BB with this exact casing is one the most widely used notations for locale. However not all systems code this but instead have it as free text. Hence CodeableConcept instead of code as the data type.Note that for non-patient oriented communication, see Practitioner.communication.  Note that all 'person' type resources (Person, RelatedPerson, Patient, Practitioner) have a communication structure that includes preferences.  Role or service oriented resources such as HealthcareService and PractitionerRole only include languages that are available for interacting with patients.","Knowing which language a practitioner speaks can help in facilitating patients to locate practitioners that speak their language.","","","","","","","",,"required","IETF language tag for a human language","http://hl7.org/fhir/ValueSet/all-languages|5.0.0","",,,,"PractitionerRole.communication",0,*,"","ele-1:All FHIR elements must have a @value or children {hasValue() or (children().count() > id.count())}
"
"tk-administrator-role","PractitionerRole.availability","PractitionerRole.availability","","","",0,*,"","","","Availability {[]} {[]}
","Times the Practitioner is available at this location and/or healthcare service (including exceptions)","A collection of times the practitioner is available or performing this role at the location and/or healthcareservice.","More detailed availability information may be provided in associated Schedule/Slot resources.

Systems may choose to render availability differently than it is exchanged on the interface. For example, rather than ""Mon, Tue, Wed, Thur, Fri from 9am-12am; Mon, Tue, Wed, Thur, Fri from 1pm-5pm"" as would be implied by two availableTime repetitions, an application could render this information as ""Mon-Fri 9-12am and 1-5pm"".The NotAvailableTime(s) included indicate the general days/periods where the practitioner is not available (for things such as vacation time, or public holidays).","","","","","","","","",,,,,"",,,,"PractitionerRole.availability",0,*,"","ele-1:All FHIR elements must have a @value or children {hasValue() or (children().count() > id.count())}
"
"tk-administrator-role","PractitionerRole.endpoint","PractitionerRole.endpoint","","","",0,*,"","","","Reference {[]} {[CanonicalType[http://hl7.org/fhir/StructureDefinition/Endpoint|5.0.0]]}
","Endpoints for interacting with the practitioner in this role"," Technical endpoints providing access to services operated for the practitioner with this role. Commonly used for locating scheduling services, or identifying where to send referrals electronically.","","Organizations have multiple systems that provide various services and may also be different for practitioners too.

So the endpoint satisfies the need to be able to define the technical connection details for how to connect to them, and for what purpose.","","","","","","","",,,,,"",,,,"PractitionerRole.endpoint",0,*,"","ele-1:All FHIR elements must have a @value or children {hasValue() or (children().count() > id.count())}
"
"tk-api-instance-endpoint","Extension","Extension","","","",0,*,"","","","null {[]} {[]}
","Tillgängliggörande ändpunkt","Den ändpunkt (TKEndpoint) som tillgängliggör denna API-instans (""tillgängliggör""). Basresursen CapabilityStatement har inget element för detta.","","","","","","","","","",,,,,"",,,,"Extension",0,*,"","ele-1:All FHIR elements must have a @value or children {hasValue() or (children().count() > id.count())}
ext-1:Must have either extensions or value[x], not both {extension.exists() != value.exists()}"
"tk-api-instance-endpoint","Extension.id","Extension.id","","","",0,1,"","","","id {[]} {[]}
","Unique id for inter-element referencing","Unique id for the element within a resource (for internal references). This may be any string value that does not contain spaces.","","","","","","","","","",,,,,"",,,,"Element.id",0,1,"ele-1
",""
"tk-api-instance-endpoint","Extension.extension","Extension.extension","","","",0,0,"","","","Extension {[]} {[]}
","Extension","An Extension","","","","","","","","","",,,,,"","value:url}
","Extensions are always sliced by (at least) url",,"open","Element.extension",0,*,"","ele-1:All FHIR elements must have a @value or children {hasValue() or (children().count() > id.count())}
ext-1:Must have either extensions or value[x], not both {extension.exists() != value.exists()}"
"tk-api-instance-endpoint","Extension.url","Extension.url","","","",1,1,"","","","uri {[]} {[]}
","identifies the meaning of the extension","Source of the definition for the extension code - a logical name or a URL.","The definition may point directly to a computable or human-readable definition of the extensibility codes, or it may be a logical URI as declared in some other specification. The definition SHALL be a URI for the Structure Definition defining the extension.","","","","<valueUri xmlns=""http://hl7.org/fhir"" value=""https://fhir.inera.se/ig/tjanstekatalog/StructureDefinition/tk-api-instance-endpoint""/>","","","","",,,,,"",,,,"Extension.url",1,1,"",""
"tk-api-instance-endpoint","Extension.value[x]","Extension.value[x]","","","",1,1,"","","","Reference {[]} {[CanonicalType[https://fhir.inera.se/ig/tjanstekatalog/StructureDefinition/tk-endpoint]]}
","Value of extension","Value of extension - must be one of a constrained set of the data types (see [Extensibility](http://hl7.org/fhir/R5/extensibility.html) for a list).","","","","","","","","","",,,,,"",,,,"Extension.value[x]",0,1,"ext-1
","ele-1:All FHIR elements must have a @value or children {hasValue() or (children().count() > id.count())}
"
"tk-api-instance-period","Extension","Extension","","","",0,*,"","","","null {[]} {[]}
","API-instansens giltighetsperiod","API-instansens (TKAPIInstance) egen giltighetsperiod, oberoende av den ändpunkt som tillgängliggör den (API.giltigFrom/giltigTom i informationsunderlaget).","","","","","","","","","",,,,,"",,,,"Extension",0,*,"","ele-1:All FHIR elements must have a @value or children {hasValue() or (children().count() > id.count())}
ext-1:Must have either extensions or value[x], not both {extension.exists() != value.exists()}"
"tk-api-instance-period","Extension.id","Extension.id","","","",0,1,"","","","id {[]} {[]}
","Unique id for inter-element referencing","Unique id for the element within a resource (for internal references). This may be any string value that does not contain spaces.","","","","","","","","","",,,,,"",,,,"Element.id",0,1,"ele-1
",""
"tk-api-instance-period","Extension.extension","Extension.extension","","","",0,0,"","","","Extension {[]} {[]}
","Extension","An Extension","","","","","","","","","",,,,,"","value:url}
","Extensions are always sliced by (at least) url",,"open","Element.extension",0,*,"","ele-1:All FHIR elements must have a @value or children {hasValue() or (children().count() > id.count())}
ext-1:Must have either extensions or value[x], not both {extension.exists() != value.exists()}"
"tk-api-instance-period","Extension.url","Extension.url","","","",1,1,"","","","uri {[]} {[]}
","identifies the meaning of the extension","Source of the definition for the extension code - a logical name or a URL.","The definition may point directly to a computable or human-readable definition of the extensibility codes, or it may be a logical URI as declared in some other specification. The definition SHALL be a URI for the Structure Definition defining the extension.","","","","<valueUri xmlns=""http://hl7.org/fhir"" value=""https://fhir.inera.se/ig/tjanstekatalog/StructureDefinition/tk-api-instance-period""/>","","","","",,,,,"",,,,"Extension.url",1,1,"",""
"tk-api-instance-period","Extension.value[x]","Extension.value[x]","","","",1,1,"","","","Period {[]} {[]}
","Value of extension","Value of extension - must be one of a constrained set of the data types (see [Extensibility](http://hl7.org/fhir/R5/extensibility.html) for a list).","","","","","","","","","",,,,,"",,,,"Extension.value[x]",0,1,"ext-1
","ele-1:All FHIR elements must have a @value or children {hasValue() or (children().count() > id.count())}
"
"tk-api-instance","CapabilityStatement","CapabilityStatement","","","",0,*,"","","","null {[]} {[]}
","A statement of system capabilities","A Capability Statement documents a set of capabilities (behaviors) of a FHIR Server or Client for a particular version of FHIR that may be used as a statement of actual server functionality or a statement of required or desired server implementation.","Applications may implement multiple versions (see [Managing Multiple Versions](http://hl7.org/fhir/R5/versioning.html), and the [$versions](http://hl7.org/fhir/R5/capabilitystatement-operation-versions.html) operation). If they do, then a CapabilityStatement describes the system's support for a particular version of FHIR, and the server will have multiple statements, one for each version.","","","","","","","","",,,,,"",,,,"CapabilityStatement",0,*,"","cnl-0:Name should be usable as an identifier for the module by machine processing applications such as code generation {name.exists() implies name.matches('^[A-Z]([A-Za-z0-9_]){1,254}$')}
cpb-1:A Capability Statement SHALL have at least one of REST, messaging or document element. {rest.exists() or messaging.exists() or document.exists()}cpb-2:A Capability Statement SHALL have at least one of description, software, or implementation element. {(description.count() + software.count() + implementation.count()) > 0}cpb-3:Messaging end-point is only permitted when a capability statement is for an implementation. {messaging.endpoint.empty() or kind = 'instance'}cpb-4:There should only be one CapabilityStatement.rest per mode. {rest.mode.isDistinct()}cpb-7:The set of documents must be unique by the combination of profile and mode. {document.select(profile&mode).isDistinct()}cpb-14:If kind = instance, implementation must be present and software may be present {(kind != 'instance') or implementation.exists()}cpb-15:If kind = capability, implementation must be absent, software must be present {(kind != 'capability') or (implementation.exists().not() and software.exists())}cpb-16:If kind = requirements, implementation and software must be absent {(kind!='requirements') or (implementation.exists().not() and software.exists().not())}"
"tk-api-instance","CapabilityStatement.id","CapabilityStatement.id","","","",0,1,"","","Y","id {[]} {[]}
","Logical id of this artifact","The logical id of the resource, as used in the URL for the resource. Once assigned, this value never changes.","Within the context of the FHIR RESTful interactions, the resource has an id except for cases like the create and conditional update. Otherwise, the use of the resouce id depends on the given use case.","","","","","","","","",,,,,"",,,,"Resource.id",0,1,"",""
"tk-api-instance","CapabilityStatement.meta","CapabilityStatement.meta","","","",0,1,"","","Y","Meta {[]} {[]}
","Metadata about the resource","The metadata about the resource. This is content that is maintained by the infrastructure. Changes to the content might not always be associated with version changes to the resource.","","","","","","","","","",,,,,"",,,,"Resource.meta",0,1,"","ele-1:All FHIR elements must have a @value or children {hasValue() or (children().count() > id.count())}
"
"tk-api-instance","CapabilityStatement.implicitRules","CapabilityStatement.implicitRules","","","",0,1,"","Y","Y","uri {[]} {[]}
","A set of rules under which this content was created","A reference to a set of rules that were followed when the resource was constructed, and which must be understood when processing the content. Often, this is a reference to an implementation guide that defines the special rules along with other profiles etc.","Asserting this rule set restricts the content to be only understood by a limited set of trading partners. This inherently limits the usefulness of the data in the long term. However, the existing health eco-system is highly fractured, and not yet ready to define, collect, and exchange data in a generally computable sense. Wherever possible, implementers and/or specification writers should avoid using this element. Often, when used, the URL is a reference to an implementation guide that defines these special rules as part of its narrative along with other profiles, value sets, etc.","","","","","","","","",,,,,"",,,,"Resource.implicitRules",0,1,"","ele-1:All FHIR elements must have a @value or children {hasValue() or (children().count() > id.count())}
"
"tk-api-instance","CapabilityStatement.language","CapabilityStatement.language","","","",0,1,"","","","code {[]} {[]}
","Language of the resource content","The base language in which the resource is written.","Language is provided to support indexing and accessibility (typically, services such as text to speech use the language tag). The html language tag in the narrative applies  to the narrative. The language tag on the resource may be used to specify the language of other presentations generated from the data in the resource. Not all the content has to be in the base language. The Resource.language should not be assumed to apply to the narrative automatically. If a language is specified, it should it also be specified on the div element in the html (see rules in HTML5 for information about the relationship between xml:lang and the html lang attribute).","","","","","","","","",,"required","IETF language tag for a human language","http://hl7.org/fhir/ValueSet/all-languages|5.0.0","",,,,"Resource.language",0,1,"","ele-1:All FHIR elements must have a @value or children {hasValue() or (children().count() > id.count())}
"
"tk-api-instance","CapabilityStatement.text","CapabilityStatement.text","","narrative
htmlxhtmldisplay","",0,1,"","","","Narrative {[]} {[]}
","Text summary of the resource, for human interpretation","A human-readable narrative that contains a summary of the resource and can be used to represent the content of the resource to a human. The narrative need not encode all the structured data, but is required to contain sufficient detail to make it ""clinically safe"" for a human to just read the narrative. Resource definitions may define what content should be represented in the narrative to ensure clinical safety.","Contained resources do not have a narrative. Resources that are not contained SHOULD have a narrative. In some cases, a resource may only have text with little or no additional discrete data (as long as all minOccurs=1 elements are satisfied).  This may be necessary for data from legacy systems where information is captured as a ""text blob"" or where text is additionally entered raw or narrated and encoded information is added later.","","","","","","","","",,,,,"",,,,"DomainResource.text",0,1,"dom-6
","ele-1:All FHIR elements must have a @value or children {hasValue() or (children().count() > id.count())}
"
"tk-api-instance","CapabilityStatement.contained","CapabilityStatement.contained","","inline resources
anonymous resourcescontained resources","",0,*,"","","","Resource {[]} {[]}
","Contained, inline Resources","These resources do not have an independent existence apart from the resource that contains them - they cannot be identified independently, nor can they have their own independent transaction scope. This is allowed to be a Parameters resource if and only if it is referenced by a resource that provides context/meaning.","This should never be done when the content can be identified properly, as once identification is lost, it is extremely difficult (and context dependent) to restore it again. Contained resources may have profiles and tags in their meta elements, but SHALL NOT have security labels.","","","","","","","","",,,,,"",,,,"DomainResource.contained",0,*,"dom-2
dom-4dom-3dom-5",""
"tk-api-instance","CapabilityStatement.extension","CapabilityStatement.extension","","","",1,*,"","","","Extension {[]} {[]}
","Extension","An Extension","","","","","","","","","",,,,,"","value:url}
","",,"open","DomainResource.extension",0,*,"","ele-1:All FHIR elements must have a @value or children {hasValue() or (children().count() > id.count())}
ext-1:Must have either extensions or value[x], not both {extension.exists() != value.exists()}"
"tk-api-instance","CapabilityStatement.extension:endpoint","CapabilityStatement.extension","endpoint","","",1,1,"Y","","","Extension {[CanonicalType[https://fhir.inera.se/ig/tjanstekatalog/StructureDefinition/tk-api-instance-endpoint]]} {[]}
","Tillgängliggörande ändpunkt","Den ändpunkt (TKEndpoint) som tillgängliggör denna API-instans (""tillgängliggör""). Basresursen CapabilityStatement har inget element för detta.","","","","","","","","","",,,,,"",,,,"DomainResource.extension",0,*,"","ele-1:All FHIR elements must have a @value or children {hasValue() or (children().count() > id.count())}
ext-1:Must have either extensions or value[x], not both {extension.exists() != value.exists()}"
"tk-api-instance","CapabilityStatement.extension:period","CapabilityStatement.extension","period","","",0,1,"Y","","","Extension {[CanonicalType[https://fhir.inera.se/ig/tjanstekatalog/StructureDefinition/tk-api-instance-period]]} {[]}
","API-instansens giltighetsperiod","API-instansens (TKAPIInstance) egen giltighetsperiod, oberoende av den ändpunkt som tillgängliggör den (API.giltigFrom/giltigTom i informationsunderlaget).","","","","","","","","","",,,,,"",,,,"DomainResource.extension",0,*,"","ele-1:All FHIR elements must have a @value or children {hasValue() or (children().count() > id.count())}
ext-1:Must have either extensions or value[x], not both {extension.exists() != value.exists()}"
"tk-api-instance","CapabilityStatement.modifierExtension","CapabilityStatement.modifierExtension","","extensions
user content","",0,*,"","Y","Y","Extension {[]} {[]}
","Extensions that cannot be ignored","May be used to represent additional information that is not part of the basic definition of the resource and that modifies the understanding of the element that contains it and/or the understanding of the containing element's descendants. Usually modifier elements provide negation or qualification. To make the use of extensions safe and managable, there is a strict set of governance applied to the definition and use of extensions. Though any implementer is allowed to define an extension, there is a set of requirements that SHALL be met as part of the definition of the extension. Applications processing a resource are required to check for modifier extensions.

Modifier extensions SHALL NOT change the meaning of any elements on Resource or DomainResource (including cannot change the meaning of modifierExtension itself).","There can be no stigma associated with the use of extensions by any application, project, or standard - regardless of the institution or jurisdiction that uses or defines the extensions.  The use of extensions is what allows the FHIR specification to retain a core level of simplicity for everyone.","Modifier extensions allow for extensions that *cannot* be safely ignored to be clearly distinguished from the vast majority of extensions which can be safely ignored.  This promotes interoperability by eliminating the need for implementers to prohibit the presence of extensions. For further information, see the [definition of modifier extensions](http://hl7.org/fhir/R5/extensibility.html#modifierExtension).","","","","","","","",,,,,"",,,,"DomainResource.modifierExtension",0,*,"","ele-1:All FHIR elements must have a @value or children {hasValue() or (children().count() > id.count())}
ext-1:Must have either extensions or value[x], not both {extension.exists() != value.exists()}"
"tk-api-instance","CapabilityStatement.url","CapabilityStatement.url","","","",0,1,"","","Y","uri {[]} {[]}
","Canonical identifier for this capability statement, represented as a URI (globally unique)","An absolute URI that is used to identify this capability statement when it is referenced in a specification, model, design or an instance; also called its canonical identifier. This SHOULD be globally unique and SHOULD be a literal address at which an authoritative instance of this capability statement is (or will be) published. This URL can be the target of a canonical reference. It SHALL remain the same when the capability statement is stored on different servers.","Can be a urn:uuid: or a urn:oid: but real http: addresses are preferred.  Multiple instances may share the same URL if they have a distinct version.

The determination of when to create a new version of a resource (same url, new version) vs. defining a new artifact is up to the author.  Considerations for making this decision are found in [Technical and Business Versions](http://hl7.org/fhir/R5/resource.html#versions). 

In some cases, the resource can no longer be found at the stated url, but the url itself cannot change. Implementations can use the [meta.source](http://hl7.org/fhir/R5/resource.html#meta) element to indicate where the current master source of the resource can be found.","Allows the capability statement to be referenced by a single globally unique identifier.","","","","","","","",,,,,"",,,,"CapabilityStatement.url",0,1,"","cnl-1:URL should not contain | or # - these characters make processing canonical references problematic {exists() implies matches('^[^|# ]+$')}
ele-1:All FHIR elements must have a @value or children {hasValue() or (children().count() > id.count())}"
"tk-api-instance","CapabilityStatement.identifier","CapabilityStatement.identifier","","","",0,*,"","","Y","Identifier {[]} {[]}
","Additional identifier for the CapabilityStatement (business identifier)","A formal identifier that is used to identify this CapabilityStatement when it is represented in other formats, or referenced in a specification, model, design or an instance.","","Allows externally provided and/or usable business identifiers to be easily associated with the module.","","","","","","","",,,,,"",,,,"CapabilityStatement.identifier",0,*,"","ele-1:All FHIR elements must have a @value or children {hasValue() or (children().count() > id.count())}
"
"tk-api-instance","CapabilityStatement.version","CapabilityStatement.version","","","",0,1,"","","Y","string {[]} {[]}
","Business version of the capability statement","The identifier that is used to identify this version of the capability statement when it is referenced in a specification, model, design or instance. This is an arbitrary value managed by the capability statement author and is not expected to be globally unique. For example, it might be a timestamp (e.g. yyyymmdd) if a managed version is not available. There is also no expectation that versions can be placed in a lexicographical sequence.","There may be different capability statement instances that have the same identifier but different versions.  The version can be appended to the url in a reference to allow a reference to a particular business version of the capability statement with the format [url]|[version]. The version SHOULD NOT contain a '#' - see [Business Version](http://hl7.org/fhir/R5/resource.html#bv-format).","","","","","","","","",,,,,"",,,,"CapabilityStatement.version",0,1,"","ele-1:All FHIR elements must have a @value or children {hasValue() or (children().count() > id.count())}
"
"tk-api-instance","CapabilityStatement.versionAlgorithm[x]","CapabilityStatement.versionAlgorithm[x]","","","",0,1,"","","Y","string {[]} {[]}
Coding {[]} {[]}","How to compare versions","Indicates the mechanism used to compare versions to determine which is more current.","If set as a string, this is a FHIRPath expression that has two additional context variables passed in - %version1 and %version2 and will return a negative number if version1 is newer, a positive number if version2 and a 0 if the version ordering can't be successfully be determined.","","","","","","","","",,"extensible","","http://hl7.org/fhir/ValueSet/version-algorithm|5.0.0","",,,,"CapabilityStatement.versionAlgorithm[x]",0,1,"","ele-1:All FHIR elements must have a @value or children {hasValue() or (children().count() > id.count())}
"
"tk-api-instance","CapabilityStatement.name","CapabilityStatement.name","","","",0,1,"","","Y","string {[]} {[]}
","Name for this capability statement (computer friendly)","A natural language name identifying the capability statement. This name should be usable as an identifier for the module by machine processing applications such as code generation.","The name is not expected to be globally unique. The name should be a simple alphanumeric type name to ensure that it is machine-processing friendly.","Support human navigation and code generation.","","","","","","","",,,,,"",,,,"CapabilityStatement.name",0,1,"cnl-0
","ele-1:All FHIR elements must have a @value or children {hasValue() or (children().count() > id.count())}
"
"tk-api-instance","CapabilityStatement.title","CapabilityStatement.title","","","",0,1,"","","Y","string {[]} {[]}
","Name for this capability statement (human friendly)","A short, descriptive, user-friendly title for the capability statement.","This name does not need to be machine-processing friendly and may contain punctuation, white-space, etc.","","","","","","","","",,,,,"",,,,"CapabilityStatement.title",0,1,"","ele-1:All FHIR elements must have a @value or children {hasValue() or (children().count() > id.count())}
"
"tk-api-instance","CapabilityStatement.status","CapabilityStatement.status","","","",1,1,"","Y","Y","code {[]} {[]}
","draft | active | retired | unknown","The status of this capability statement. Enables tracking the life-cycle of the content.","Allows filtering of capability statements that are appropriate for use versus not.This is not intended for use with actual capability statements, but where capability statements are used to describe possible or desired systems.

See guidance around (not) making local changes to elements [here](http://hl7.org/fhir/R5/canonicalresource.html#localization).","","","","","","","","",,"required","The lifecycle status of an artifact.","http://hl7.org/fhir/ValueSet/publication-status|5.0.0","",,,,"CapabilityStatement.status",1,1,"","ele-1:All FHIR elements must have a @value or children {hasValue() or (children().count() > id.count())}
"
"tk-api-instance","CapabilityStatement.experimental","CapabilityStatement.experimental","","","",0,1,"","","Y","boolean {[]} {[]}
","For testing purposes, not real usage","A Boolean value to indicate that this capability statement is authored for testing purposes (or education/evaluation/marketing) and is not intended to be used for genuine usage.","Allows filtering of capability statements that are appropriate for use versus not.","Enables experimental content to be developed following the same lifecycle that would be used for a production-level capability statement.","","If absent, this resource is treated as though it is not experimental.","","","","","",,,,,"",,,,"CapabilityStatement.experimental",0,1,"","ele-1:All FHIR elements must have a @value or children {hasValue() or (children().count() > id.count())}
"
"tk-api-instance","CapabilityStatement.date","CapabilityStatement.date","","Revision Date
","",1,1,"","","Y","dateTime {[]} {[]}
","Date last changed","The date  (and optionally time) when the capability statement was last significantly changed. The date must change when the business version changes and it must change if the status code changes. In addition, it should change when the substantive content of the capability statement changes.","The date is often not tracked until the resource is published, but may be present on draft content. Note that this is not the same as the resource last-modified-date, since the resource may be a secondary representation of the capability statement. Additional specific dates may be added as extensions or be found by consulting Provenances associated with past versions of the resource.

See guidance around (not) making local changes to elements [here](http://hl7.org/fhir/R5/canonicalresource.html#localization).","","","","","","","","",,,,,"",,,,"CapabilityStatement.date",1,1,"","ele-1:All FHIR elements must have a @value or children {hasValue() or (children().count() > id.count())}
"
"tk-api-instance","CapabilityStatement.publisher","CapabilityStatement.publisher","","","",0,1,"","","Y","string {[]} {[]}
","Name of the publisher/steward (organization or individual)","The name of the organization or individual responsible for the release and ongoing maintenance of the capability statement.","Usually an organization but may be an individual. The publisher (or steward) of the capability statement is the organization or individual primarily responsible for the maintenance and upkeep of the capability statement. This is not necessarily the same individual or organization that developed and initially authored the content. The publisher is the primary point of contact for questions or issues with the capability statement. This item SHOULD be populated unless the information is available from context.","Helps establish the ""authority/credibility"" of the capability statement.  May also allow for contact.","","","","","","","",,,,,"",,,,"CapabilityStatement.publisher",0,1,"","ele-1:All FHIR elements must have a @value or children {hasValue() or (children().count() > id.count())}
"
"tk-api-instance","CapabilityStatement.contact","CapabilityStatement.contact","","","",0,*,"","","Y","ContactDetail {[]} {[]}
","Contact details for the publisher","Contact details to assist a user in finding and communicating with the publisher.","May be a web site, an email address, a telephone number, etc.

See guidance around (not) making local changes to elements [here](http://hl7.org/fhir/R5/canonicalresource.html#localization).","","","","","","","","",,,,,"",,,,"CapabilityStatement.contact",0,*,"","ele-1:All FHIR elements must have a @value or children {hasValue() or (children().count() > id.count())}
"
"tk-api-instance","CapabilityStatement.description","CapabilityStatement.description","","","",0,1,"","","","markdown {[]} {[]}
","Natural language description of the capability statement","A free text natural language description of the capability statement from a consumer's perspective. Typically, this is used when the capability statement describes a desired rather than an actual solution, for example as a formal expression of requirements as part of an RFP.","This description can be used to capture details such as comments about misuse, instructions for clinical use and interpretation, literature references, examples from the paper world, etc. It is not a rendering of the capability statement as conveyed in the 'text' field of the resource itself. This item SHOULD be populated unless the information is available from context (e.g. the language of the capability statement is presumed to be the predominant language in the place the capability statement was created).This does not need to be populated if the description is adequately implied by the software or implementation details.","","","","","","","","",,,,,"",,,,"CapabilityStatement.description",0,1,"cpb-2
","ele-1:All FHIR elements must have a @value or children {hasValue() or (children().count() > id.count())}
"
"tk-api-instance","CapabilityStatement.useContext","CapabilityStatement.useContext","","","",0,*,"","","Y","UsageContext {[]} {[]}
","The context that the content is intended to support","The content was developed with a focus and intent of supporting the contexts that are listed. These contexts may be general categories (gender, age, ...) or may be references to specific programs (insurance plans, studies, ...) and may be used to assist with indexing and searching for appropriate capability statement instances.","When multiple useContexts are specified, there is no expectation that all or any of the contexts apply.","Assist in searching for appropriate content.","","","","","","","",,,,,"",,,,"CapabilityStatement.useContext",0,*,"","ele-1:All FHIR elements must have a @value or children {hasValue() or (children().count() > id.count())}
"
"tk-api-instance","CapabilityStatement.jurisdiction","CapabilityStatement.jurisdiction","","","",0,*,"","","Y","CodeableConcept {[]} {[]}
","Intended jurisdiction for capability statement (if applicable)","A legal or geographic region in which the capability statement is intended to be used.","It may be possible for the capability statement to be used in jurisdictions other than those for which it was originally designed or intended.

DEPRECATION NOTE: For consistency, implementations are encouraged to migrate to using the new 'jurisdiction' code in the useContext element.  (I.e. useContext.code indicating http://terminology.hl7.org/CodeSystem/usage-context-type#jurisdiction and useContext.valueCodeableConcept indicating the jurisdiction.)","","","","","","","","",,"extensible","Countries and regions within which this artifact is targeted for use.","http://hl7.org/fhir/ValueSet/jurisdiction|5.0.0","",,,,"CapabilityStatement.jurisdiction",0,*,"","ele-1:All FHIR elements must have a @value or children {hasValue() or (children().count() > id.count())}
"
"tk-api-instance","CapabilityStatement.purpose","CapabilityStatement.purpose","","","",0,1,"","","","markdown {[]} {[]}
","Why this capability statement is defined","Explanation of why this capability statement is needed and why it has been designed as it has.","This element does not describe the usage of the capability statement. Instead, it provides traceability of ''why'' the resource is either needed or ''why'' it is defined as it is.  This may be used to point to source materials or specifications that drove the structure of this capability statement.","","","","","","","","",,,,,"",,,,"CapabilityStatement.purpose",0,1,"","ele-1:All FHIR elements must have a @value or children {hasValue() or (children().count() > id.count())}
"
"tk-api-instance","CapabilityStatement.copyright","CapabilityStatement.copyright","","License
Restrictions","",0,1,"","","","markdown {[]} {[]}
","Use and/or publishing restrictions","A copyright statement relating to the capability statement and/or its contents. Copyright statements are generally legal restrictions on the use and publishing of the capability statement.","...","Consumers must be able to determine any legal restrictions on the use of the capability statement and/or its content.","","","","","","","",,,,,"",,,,"CapabilityStatement.copyright",0,1,"","ele-1:All FHIR elements must have a @value or children {hasValue() or (children().count() > id.count())}
"
"tk-api-instance","CapabilityStatement.copyrightLabel","CapabilityStatement.copyrightLabel","","","",0,1,"","","","string {[]} {[]}
","Copyright holder and year(s)","A short string (<50 characters), suitable for inclusion in a page footer that identifies the copyright holder, effective period, and optionally whether rights are resctricted. (e.g. 'All rights reserved', 'Some rights reserved').","The (c) symbol should NOT be included in this string. It will be added by software when rendering the notation. Full details about licensing, restrictions, warrantees, etc. goes in the more general 'copyright' element.","Defines the content expected to be rendered in all representations of the artifact.","","","","","","","",,,,,"",,,,"CapabilityStatement.copyrightLabel",0,1,"","ele-1:All FHIR elements must have a @value or children {hasValue() or (children().count() > id.count())}
"
"tk-api-instance","CapabilityStatement.kind","CapabilityStatement.kind","","","",1,1,"","","Y","code {[]} {[]}
","Alltid instance — detta är en körande API-instans, inte en abstrakt kravbild","The way that this statement is intended to be used, to describe an actual running instance of software, a particular product (kind, not instance of software) or a class of implementation (e.g. a desired purchase).","","Allow searching the 3 modes.","","","","<valueCode xmlns=""http://hl7.org/fhir"" value=""instance""/>","","","",,"required","How a capability statement is intended to be used.","http://hl7.org/fhir/ValueSet/capability-statement-kind|5.0.0","",,,,"CapabilityStatement.kind",1,1,"cpb-16
cpb-15cpb-3cpb-14","ele-1:All FHIR elements must have a @value or children {hasValue() or (children().count() > id.count())}
"
"tk-api-instance","CapabilityStatement.instantiates","CapabilityStatement.instantiates","","","",1,*,"Y","","Y","canonical {[]} {[CanonicalType[http://hl7.org/fhir/StructureDefinition/CapabilityStatement|5.0.0]]}
","Den/de API-specifikationer denna instans följer (""följer"")","Reference to a canonical URL of another CapabilityStatement that this software implements. This capability statement is a published API description that corresponds to a business service. The server may actually implement a subset of the capability statement it claims to implement, so the capability statement must specify the full capability details.","HL7 defines the following Services: [Terminology Service](http://hl7.org/fhir/R5/terminology-service.html).    

Many [Implementation Guides](http://fhir.org/guides/registry) define additional services.","","","","","","","","",,,,,"",,,,"CapabilityStatement.instantiates",0,*,"","ele-1:All FHIR elements must have a @value or children {hasValue() or (children().count() > id.count())}
"
"tk-api-instance","CapabilityStatement.imports","CapabilityStatement.imports","","","",0,*,"","","Y","canonical {[]} {[CanonicalType[http://hl7.org/fhir/StructureDefinition/CapabilityStatement|5.0.0]]}
","Canonical URL of another capability statement this adds to","Reference to a canonical URL of another CapabilityStatement that this software adds to. The capability statement automatically includes everything in the other statement, and it is not duplicated, though the server may repeat the same resources, interactions and operations to add additional details to them.","the contents of any directly or indirectly imported CapabilityStatements SHALL NOT overlap, i.e. they cannot refer to the same rest/resource, operations/name, searchparam/name, interaction/code, messaging/endpoint, document/mode pair.

A capability statement that imports another CapabilityStatement automatically instantiates it too (though this is often not a very useful statement for the kinds of CapabilityStatements that are suitable for importing).","","","","","","","","",,,,,"",,,,"CapabilityStatement.imports",0,*,"","ele-1:All FHIR elements must have a @value or children {hasValue() or (children().count() > id.count())}
"
"tk-api-instance","CapabilityStatement.software","CapabilityStatement.software","","","",0,1,"","","Y","BackboneElement {[]} {[]}
","Software that is covered by this capability statement","Software that is covered by this capability statement.  It is used when the capability statement describes the capabilities of a particular software version, independent of an installation.","","","","","","","","","",,,,,"",,,,"CapabilityStatement.software",0,1,"cpb-16
cpb-15cpb-2","ele-1:All FHIR elements must have a @value or children {hasValue() or (children().count() > id.count())}
"
"tk-api-instance","CapabilityStatement.software.id","CapabilityStatement.software.id","","","",0,1,"","","","string {[]} {[]}
","Unique id for inter-element referencing","Unique id for the element within a resource (for internal references). This may be any string value that does not contain spaces.","","","","","","","","","",,,,,"",,,,"Element.id",0,1,"ele-1
",""
"tk-api-instance","CapabilityStatement.software.extension","CapabilityStatement.software.extension","","extensions
user content","",0,*,"","","","Extension {[]} {[]}
","Additional content defined by implementations","May be used to represent additional information that is not part of the basic definition of the element. To make the use of extensions safe and managable, there is a strict set of governance applied to the definition and use of extensions. Though any implementer can define an extension, there is a set of requirements that SHALL be met as part of the definition of the extension.","There can be no stigma associated with the use of extensions by any application, project, or standard - regardless of the institution or jurisdiction that uses or defines the extensions.  The use of extensions is what allows the FHIR specification to retain a core level of simplicity for everyone.","","","","","","","","",,,,,"",,,,"Element.extension",0,*,"","ele-1:All FHIR elements must have a @value or children {hasValue() or (children().count() > id.count())}
ext-1:Must have either extensions or value[x], not both {extension.exists() != value.exists()}"
"tk-api-instance","CapabilityStatement.software.modifierExtension","CapabilityStatement.software.modifierExtension","","extensions
user contentmodifiers","",0,*,"","Y","Y","Extension {[]} {[]}
","Extensions that cannot be ignored even if unrecognized","May be used to represent additional information that is not part of the basic definition of the element and that modifies the understanding of the element in which it is contained and/or the understanding of the containing element's descendants. Usually modifier elements provide negation or qualification. To make the use of extensions safe and managable, there is a strict set of governance applied to the definition and use of extensions. Though any implementer can define an extension, there is a set of requirements that SHALL be met as part of the definition of the extension. Applications processing a resource are required to check for modifier extensions.

Modifier extensions SHALL NOT change the meaning of any elements on Resource or DomainResource (including cannot change the meaning of modifierExtension itself).","There can be no stigma associated with the use of extensions by any application, project, or standard - regardless of the institution or jurisdiction that uses or defines the extensions.  The use of extensions is what allows the FHIR specification to retain a core level of simplicity for everyone.","Modifier extensions allow for extensions that *cannot* be safely ignored to be clearly distinguished from the vast majority of extensions which can be safely ignored.  This promotes interoperability by eliminating the need for implementers to prohibit the presence of extensions. For further information, see the [definition of modifier extensions](http://hl7.org/fhir/R5/extensibility.html#modifierExtension).","","","","","","","",,,,,"",,,,"BackboneElement.modifierExtension",0,*,"","ele-1:All FHIR elements must have a @value or children {hasValue() or (children().count() > id.count())}
ext-1:Must have either extensions or value[x], not both {extension.exists() != value.exists()}"
"tk-api-instance","CapabilityStatement.software.name","CapabilityStatement.software.name","","","",1,1,"","","Y","string {[]} {[]}
","A name the software is known by","Name the software is known by.","","","","","","","","","",,,,,"",,,,"CapabilityStatement.software.name",1,1,"","ele-1:All FHIR elements must have a @value or children {hasValue() or (children().count() > id.count())}
"
"tk-api-instance","CapabilityStatement.software.version","CapabilityStatement.software.version","","","",0,1,"","","Y","string {[]} {[]}
","Version covered by this statement","The version identifier for the software covered by this statement.","If possible, a version should be specified, as statements are likely to be different for different versions of software.","","","","","","","","",,,,,"",,,,"CapabilityStatement.software.version",0,1,"","ele-1:All FHIR elements must have a @value or children {hasValue() or (children().count() > id.count())}
"
"tk-api-instance","CapabilityStatement.software.releaseDate","CapabilityStatement.software.releaseDate","","","",0,1,"","","Y","dateTime {[]} {[]}
","Date this version was released","Date this version of the software was released.","","","","","","","","","",,,,,"",,,,"CapabilityStatement.software.releaseDate",0,1,"","ele-1:All FHIR elements must have a @value or children {hasValue() or (children().count() > id.count())}
"
"tk-api-instance","CapabilityStatement.implementation","CapabilityStatement.implementation","","","",1,1,"Y","","Y","BackboneElement {[]} {[]}
","If this describes a specific instance","Identifies a specific implementation instance that is described by the capability statement - i.e. a particular installation, rather than the capabilities of a software program.","","","","","","","","","",,,,,"",,,,"CapabilityStatement.implementation",0,1,"cpb-16
cpb-15cpb-14cpb-2","ele-1:All FHIR elements must have a @value or children {hasValue() or (children().count() > id.count())}
"
"tk-api-instance","CapabilityStatement.implementation.id","CapabilityStatement.implementation.id","","","",0,1,"","","","string {[]} {[]}
","Unique id for inter-element referencing","Unique id for the element within a resource (for internal references). This may be any string value that does not contain spaces.","","","","","","","","","",,,,,"",,,,"Element.id",0,1,"ele-1
",""
"tk-api-instance","CapabilityStatement.implementation.extension","CapabilityStatement.implementation.extension","","extensions
user content","",0,*,"","","","Extension {[]} {[]}
","Additional content defined by implementations","May be used to represent additional information that is not part of the basic definition of the element. To make the use of extensions safe and managable, there is a strict set of governance applied to the definition and use of extensions. Though any implementer can define an extension, there is a set of requirements that SHALL be met as part of the definition of the extension.","There can be no stigma associated with the use of extensions by any application, project, or standard - regardless of the institution or jurisdiction that uses or defines the extensions.  The use of extensions is what allows the FHIR specification to retain a core level of simplicity for everyone.","","","","","","","","",,,,,"",,,,"Element.extension",0,*,"","ele-1:All FHIR elements must have a @value or children {hasValue() or (children().count() > id.count())}
ext-1:Must have either extensions or value[x], not both {extension.exists() != value.exists()}"
"tk-api-instance","CapabilityStatement.implementation.modifierExtension","CapabilityStatement.implementation.modifierExtension","","extensions
user contentmodifiers","",0,*,"","Y","Y","Extension {[]} {[]}
","Extensions that cannot be ignored even if unrecognized","May be used to represent additional information that is not part of the basic definition of the element and that modifies the understanding of the element in which it is contained and/or the understanding of the containing element's descendants. Usually modifier elements provide negation or qualification. To make the use of extensions safe and managable, there is a strict set of governance applied to the definition and use of extensions. Though any implementer can define an extension, there is a set of requirements that SHALL be met as part of the definition of the extension. Applications processing a resource are required to check for modifier extensions.

Modifier extensions SHALL NOT change the meaning of any elements on Resource or DomainResource (including cannot change the meaning of modifierExtension itself).","There can be no stigma associated with the use of extensions by any application, project, or standard - regardless of the institution or jurisdiction that uses or defines the extensions.  The use of extensions is what allows the FHIR specification to retain a core level of simplicity for everyone.","Modifier extensions allow for extensions that *cannot* be safely ignored to be clearly distinguished from the vast majority of extensions which can be safely ignored.  This promotes interoperability by eliminating the need for implementers to prohibit the presence of extensions. For further information, see the [definition of modifier extensions](http://hl7.org/fhir/R5/extensibility.html#modifierExtension).","","","","","","","",,,,,"",,,,"BackboneElement.modifierExtension",0,*,"","ele-1:All FHIR elements must have a @value or children {hasValue() or (children().count() > id.count())}
ext-1:Must have either extensions or value[x], not both {extension.exists() != value.exists()}"
"tk-api-instance","CapabilityStatement.implementation.description","CapabilityStatement.implementation.description","","","",1,1,"Y","","Y","markdown {[]} {[]}
","Fritextbeskrivning av denna API-instans","Information about the specific installation that this capability statement relates to.","","","","","","","","","",,,,,"",,,,"CapabilityStatement.implementation.description",1,1,"","ele-1:All FHIR elements must have a @value or children {hasValue() or (children().count() > id.count())}
"
"tk-api-instance","CapabilityStatement.implementation.url","CapabilityStatement.implementation.url","","","",1,1,"Y","","Y","url {[]} {[]}
","Teknisk anropsadress (samma värde som TKEndpoint.address)","An absolute base URL for the implementation.  This forms the base for REST interfaces as well as the mailbox and document interfaces.","","","","","","","","","",,,,,"",,,,"CapabilityStatement.implementation.url",0,1,"","ele-1:All FHIR elements must have a @value or children {hasValue() or (children().count() > id.count())}
"
"tk-api-instance","CapabilityStatement.implementation.custodian","CapabilityStatement.implementation.custodian","","","",0,1,"Y","","Y","Reference {[]} {[CanonicalType[https://fhir.inera.se/ig/tjanstekatalog/StructureDefinition/tk-organization]]}
","Ansvarig organisation för denna API-instans, om annan än ändpunktens förvaltande organisation","The organization responsible for the management of the instance and oversight of the data on the server at the specified URL.","","","","","","","","","",,,,,"",,,,"CapabilityStatement.implementation.custodian",0,1,"","ele-1:All FHIR elements must have a @value or children {hasValue() or (children().count() > id.count())}
"
"tk-api-instance","CapabilityStatement.fhirVersion","CapabilityStatement.fhirVersion","","","",1,1,"","","Y","code {[]} {[]}
","FHIR Version the system supports","The version of the FHIR specification that this CapabilityStatement describes (which SHALL be the same as the FHIR version of the CapabilityStatement itself). There is no default value.","Servers may implement multiple versions (see [Managing Multiple Versions](http://hl7.org/fhir/R5/versioning.html), and the [$versions](http://hl7.org/fhir/R5/capabilitystatement-operation-versions.html) operation). If they do, and the CapabilityStatement is requested from the server, then this fhirVersion will be either the version requested, or the server's default version.","","","","","","","","",,"required","All published FHIR Versions.","http://hl7.org/fhir/ValueSet/FHIR-version|5.0.0","",,,,"CapabilityStatement.fhirVersion",1,1,"","ele-1:All FHIR elements must have a @value or children {hasValue() or (children().count() > id.count())}
"
"tk-api-instance","CapabilityStatement.format","CapabilityStatement.format","","","",1,*,"","","Y","code {[]} {[]}
","formats supported (xml | json | ttl | mime type)","A list of the formats supported by this implementation using their content types.","""xml"", ""json"" and ""ttl"" are allowed, which describe the simple encodings described in the specification (and imply appropriate bundle support). Otherwise, mime types are legal here.","","","","","","","","",,"required","The mime type of an attachment. Any valid mime type is allowed.","http://hl7.org/fhir/ValueSet/mimetypes|5.0.0","",,,,"CapabilityStatement.format",1,*,"","ele-1:All FHIR elements must have a @value or children {hasValue() or (children().count() > id.count())}
"
"tk-api-instance","CapabilityStatement.patchFormat","CapabilityStatement.patchFormat","","","",0,*,"","","Y","code {[]} {[]}
","Patch formats supported","A list of the patch formats supported by this implementation using their content types.","At present, the patch mime types application/json-patch+json and application/xml-patch+xml are legal. Generally, if a server supports PATCH, it would be expected to support the patch formats and match the formats it supports, but this is not always possible or necessary.","","","","","","","","",,"required","BCP 13 (RFCs 2045, 2046, 2047, 4288, 4289 and 2049)","http://hl7.org/fhir/ValueSet/mimetypes|5.0.0","",,,,"CapabilityStatement.patchFormat",0,*,"","ele-1:All FHIR elements must have a @value or children {hasValue() or (children().count() > id.count())}
"
"tk-api-instance","CapabilityStatement.acceptLanguage","CapabilityStatement.acceptLanguage","","","",0,*,"","","Y","code {[]} {[]}
","Languages supported","A list of the languages supported by this implementation that are usefully supported in the ```Accept-Language``` header.","In general, if a server gets a request with an Accept-Language that it doesn't support, it should still reutrn the resource, just in its default language for the resource.","","","","","","","","",,"required","IETF language tag for a human language","http://hl7.org/fhir/ValueSet/all-languages|5.0.0","",,,,"CapabilityStatement.acceptLanguage",0,*,"","ele-1:All FHIR elements must have a @value or children {hasValue() or (children().count() > id.count())}
"
"tk-api-instance","CapabilityStatement.implementationGuide","CapabilityStatement.implementationGuide","","","",0,*,"","","Y","canonical {[]} {[CanonicalType[http://hl7.org/fhir/StructureDefinition/ImplementationGuide|5.0.0]]}
","Implementation guides supported","A list of implementation guides that the server does (or should) support in their entirety.","Note: this is primarily only relevant in terms of ImplementationGuides that don't define specific CapabilityStatements declaring the expectation of distinct roles.  (E.g. generic IGs that establish privacy policies.)  In situations where an ImplementationGuide does define CapabilityStatements, asserting CapabilityStatement.implementationGuide means that the implementation adheres to any Implementation.global definitions present in that IG as well as any textual requirements around security or other general interoperability behaviors. However, it does not make any assertions as to conformance with any of the CapabilityStatements defined in the IG. To assert conformance with CapabilityStatements in a referenced IG, it is necessary to use the CapabilityStatement.instantiates element.","","","","","","","","",,,,,"",,,,"CapabilityStatement.implementationGuide",0,*,"","ele-1:All FHIR elements must have a @value or children {hasValue() or (children().count() > id.count())}
"
"tk-api-instance","CapabilityStatement.rest","CapabilityStatement.rest","","","",1,1,"Y","","Y","BackboneElement {[]} {[]}
","If the endpoint is a RESTful one","A definition of the restful capabilities of the solution, if any.","Multiple repetitions allow definition of both client and/or server behaviors or possibly behaviors under different configuration settings (for software or requirements statements).","","","","","","","","",,,,,"",,,,"CapabilityStatement.rest",0,*,"cpb-4
cpb-1","cpb-9:A given resource can only be described once per RESTful mode. {resource.select(type).isDistinct()}
ele-1:All FHIR elements must have a @value or children {hasValue() or (children().count() > id.count())}"
"tk-api-instance","CapabilityStatement.rest.id","CapabilityStatement.rest.id","","","",0,1,"","","","string {[]} {[]}
","Unique id for inter-element referencing","Unique id for the element within a resource (for internal references). This may be any string value that does not contain spaces.","","","","","","","","","",,,,,"",,,,"Element.id",0,1,"ele-1
",""
"tk-api-instance","CapabilityStatement.rest.extension","CapabilityStatement.rest.extension","","extensions
user content","",0,*,"","","","Extension {[]} {[]}
","Additional content defined by implementations","May be used to represent additional information that is not part of the basic definition of the element. To make the use of extensions safe and managable, there is a strict set of governance applied to the definition and use of extensions. Though any implementer can define an extension, there is a set of requirements that SHALL be met as part of the definition of the extension.","There can be no stigma associated with the use of extensions by any application, project, or standard - regardless of the institution or jurisdiction that uses or defines the extensions.  The use of extensions is what allows the FHIR specification to retain a core level of simplicity for everyone.","","","","","","","","",,,,,"",,,,"Element.extension",0,*,"","ele-1:All FHIR elements must have a @value or children {hasValue() or (children().count() > id.count())}
ext-1:Must have either extensions or value[x], not both {extension.exists() != value.exists()}"
"tk-api-instance","CapabilityStatement.rest.modifierExtension","CapabilityStatement.rest.modifierExtension","","extensions
user contentmodifiers","",0,*,"","Y","Y","Extension {[]} {[]}
","Extensions that cannot be ignored even if unrecognized","May be used to represent additional information that is not part of the basic definition of the element and that modifies the understanding of the element in which it is contained and/or the understanding of the containing element's descendants. Usually modifier elements provide negation or qualification. To make the use of extensions safe and managable, there is a strict set of governance applied to the definition and use of extensions. Though any implementer can define an extension, there is a set of requirements that SHALL be met as part of the definition of the extension. Applications processing a resource are required to check for modifier extensions.

Modifier extensions SHALL NOT change the meaning of any elements on Resource or DomainResource (including cannot change the meaning of modifierExtension itself).","There can be no stigma associated with the use of extensions by any application, project, or standard - regardless of the institution or jurisdiction that uses or defines the extensions.  The use of extensions is what allows the FHIR specification to retain a core level of simplicity for everyone.","Modifier extensions allow for extensions that *cannot* be safely ignored to be clearly distinguished from the vast majority of extensions which can be safely ignored.  This promotes interoperability by eliminating the need for implementers to prohibit the presence of extensions. For further information, see the [definition of modifier extensions](http://hl7.org/fhir/R5/extensibility.html#modifierExtension).","","","","","","","",,,,,"",,,,"BackboneElement.modifierExtension",0,*,"","ele-1:All FHIR elements must have a @value or children {hasValue() or (children().count() > id.count())}
ext-1:Must have either extensions or value[x], not both {extension.exists() != value.exists()}"
"tk-api-instance","CapabilityStatement.rest.mode","CapabilityStatement.rest.mode","","","",1,1,"","","Y","code {[]} {[]}
","client | server","Identifies whether this portion of the statement is describing the ability to initiate or receive restful operations.","","","","","","<valueCode xmlns=""http://hl7.org/fhir"" value=""server""/>","","","",,"required","The mode of a RESTful capability statement.","http://hl7.org/fhir/ValueSet/restful-capability-mode|5.0.0","",,,,"CapabilityStatement.rest.mode",1,1,"cpb-4
","ele-1:All FHIR elements must have a @value or children {hasValue() or (children().count() > id.count())}
"
"tk-api-instance","CapabilityStatement.rest.documentation","CapabilityStatement.rest.documentation","","","",0,1,"","","","markdown {[]} {[]}
","General description of implementation","Information about the system's restful capabilities that apply across all applications, such as security.","","","","","","","","","",,,,,"",,,,"CapabilityStatement.rest.documentation",0,1,"","ele-1:All FHIR elements must have a @value or children {hasValue() or (children().count() > id.count())}
"
"tk-api-instance","CapabilityStatement.rest.security","CapabilityStatement.rest.security","","","",0,1,"","","Y","BackboneElement {[]} {[]}
","Information about security of implementation","Information about security implementation from an interface perspective - what a client needs to know.","","","","","","","","","",,,,,"",,,,"CapabilityStatement.rest.security",0,1,"","ele-1:All FHIR elements must have a @value or children {hasValue() or (children().count() > id.count())}
"
"tk-api-instance","CapabilityStatement.rest.security.id","CapabilityStatement.rest.security.id","","","",0,1,"","","","string {[]} {[]}
","Unique id for inter-element referencing","Unique id for the element within a resource (for internal references). This may be any string value that does not contain spaces.","","","","","","","","","",,,,,"",,,,"Element.id",0,1,"ele-1
",""
"tk-api-instance","CapabilityStatement.rest.security.extension","CapabilityStatement.rest.security.extension","","extensions
user content","",0,*,"","","","Extension {[]} {[]}
","Additional content defined by implementations","May be used to represent additional information that is not part of the basic definition of the element. To make the use of extensions safe and managable, there is a strict set of governance applied to the definition and use of extensions. Though any implementer can define an extension, there is a set of requirements that SHALL be met as part of the definition of the extension.","There can be no stigma associated with the use of extensions by any application, project, or standard - regardless of the institution or jurisdiction that uses or defines the extensions.  The use of extensions is what allows the FHIR specification to retain a core level of simplicity for everyone.","","","","","","","","",,,,,"",,,,"Element.extension",0,*,"","ele-1:All FHIR elements must have a @value or children {hasValue() or (children().count() > id.count())}
ext-1:Must have either extensions or value[x], not both {extension.exists() != value.exists()}"
"tk-api-instance","CapabilityStatement.rest.security.modifierExtension","CapabilityStatement.rest.security.modifierExtension","","extensions
user contentmodifiers","",0,*,"","Y","Y","Extension {[]} {[]}
","Extensions that cannot be ignored even if unrecognized","May be used to represent additional information that is not part of the basic definition of the element and that modifies the understanding of the element in which it is contained and/or the understanding of the containing element's descendants. Usually modifier elements provide negation or qualification. To make the use of extensions safe and managable, there is a strict set of governance applied to the definition and use of extensions. Though any implementer can define an extension, there is a set of requirements that SHALL be met as part of the definition of the extension. Applications processing a resource are required to check for modifier extensions.

Modifier extensions SHALL NOT change the meaning of any elements on Resource or DomainResource (including cannot change the meaning of modifierExtension itself).","There can be no stigma associated with the use of extensions by any application, project, or standard - regardless of the institution or jurisdiction that uses or defines the extensions.  The use of extensions is what allows the FHIR specification to retain a core level of simplicity for everyone.","Modifier extensions allow for extensions that *cannot* be safely ignored to be clearly distinguished from the vast majority of extensions which can be safely ignored.  This promotes interoperability by eliminating the need for implementers to prohibit the presence of extensions. For further information, see the [definition of modifier extensions](http://hl7.org/fhir/R5/extensibility.html#modifierExtension).","","","","","","","",,,,,"",,,,"BackboneElement.modifierExtension",0,*,"","ele-1:All FHIR elements must have a @value or children {hasValue() or (children().count() > id.count())}
ext-1:Must have either extensions or value[x], not both {extension.exists() != value.exists()}"
"tk-api-instance","CapabilityStatement.rest.security.cors","CapabilityStatement.rest.security.cors","","","",0,1,"","","Y","boolean {[]} {[]}
","Adds CORS Headers (http://enable-cors.org/)","Server adds CORS headers when responding to requests - this enables Javascript applications to use the server.","The easiest CORS headers to add are Access-Control-Allow-Origin: * & Access-Control-Request-Method: GET, POST, PUT, DELETE. All servers SHOULD support CORS.","","","","","","","","",,,,,"",,,,"CapabilityStatement.rest.security.cors",0,1,"","ele-1:All FHIR elements must have a @value or children {hasValue() or (children().count() > id.count())}
"
"tk-api-instance","CapabilityStatement.rest.security.service","CapabilityStatement.rest.security.service","","","",0,*,"","","Y","CodeableConcept {[]} {[]}
","OAuth | SMART-on-FHIR | NTLM | Basic | Kerberos | Certificates","Types of security services that are supported/required by the system.","","","","","","","","","",,"extensible","Types of security services used with FHIR.","http://hl7.org/fhir/ValueSet/restful-security-service|5.0.0","",,,,"CapabilityStatement.rest.security.service",0,*,"","ele-1:All FHIR elements must have a @value or children {hasValue() or (children().count() > id.count())}
"
"tk-api-instance","CapabilityStatement.rest.security.description","CapabilityStatement.rest.security.description","","","",0,1,"","","","markdown {[]} {[]}
","General description of how security works","General description of how security works.","","","","","","","","","",,,,,"",,,,"CapabilityStatement.rest.security.description",0,1,"","ele-1:All FHIR elements must have a @value or children {hasValue() or (children().count() > id.count())}
"
"tk-api-instance","CapabilityStatement.rest.resource","CapabilityStatement.rest.resource","","","",0,*,"","","Y","BackboneElement {[]} {[]}
","Resource served on the REST interface","A specification of the restful capabilities of the solution for a specific resource type.","Max of one repetition per resource type.","","","","","","","","",,,,,"",,,,"CapabilityStatement.rest.resource",0,*,"cpb-9
","cpb-12:Search parameter names must be unique in the context of a resource. {searchParam.select(name).isDistinct()}
ele-1:All FHIR elements must have a @value or children {hasValue() or (children().count() > id.count())}"
"tk-api-instance","CapabilityStatement.rest.resource.id","CapabilityStatement.rest.resource.id","","","",0,1,"","","","string {[]} {[]}
","Unique id for inter-element referencing","Unique id for the element within a resource (for internal references). This may be any string value that does not contain spaces.","","","","","","","","","",,,,,"",,,,"Element.id",0,1,"ele-1
",""
"tk-api-instance","CapabilityStatement.rest.resource.extension","CapabilityStatement.rest.resource.extension","","extensions
user content","",0,*,"","","","Extension {[]} {[]}
","Additional content defined by implementations","May be used to represent additional information that is not part of the basic definition of the element. To make the use of extensions safe and managable, there is a strict set of governance applied to the definition and use of extensions. Though any implementer can define an extension, there is a set of requirements that SHALL be met as part of the definition of the extension.","There can be no stigma associated with the use of extensions by any application, project, or standard - regardless of the institution or jurisdiction that uses or defines the extensions.  The use of extensions is what allows the FHIR specification to retain a core level of simplicity for everyone.","","","","","","","","",,,,,"",,,,"Element.extension",0,*,"","ele-1:All FHIR elements must have a @value or children {hasValue() or (children().count() > id.count())}
ext-1:Must have either extensions or value[x], not both {extension.exists() != value.exists()}"
"tk-api-instance","CapabilityStatement.rest.resource.modifierExtension","CapabilityStatement.rest.resource.modifierExtension","","extensions
user contentmodifiers","",0,*,"","Y","Y","Extension {[]} {[]}
","Extensions that cannot be ignored even if unrecognized","May be used to represent additional information that is not part of the basic definition of the element and that modifies the understanding of the element in which it is contained and/or the understanding of the containing element's descendants. Usually modifier elements provide negation or qualification. To make the use of extensions safe and managable, there is a strict set of governance applied to the definition and use of extensions. Though any implementer can define an extension, there is a set of requirements that SHALL be met as part of the definition of the extension. Applications processing a resource are required to check for modifier extensions.

Modifier extensions SHALL NOT change the meaning of any elements on Resource or DomainResource (including cannot change the meaning of modifierExtension itself).","There can be no stigma associated with the use of extensions by any application, project, or standard - regardless of the institution or jurisdiction that uses or defines the extensions.  The use of extensions is what allows the FHIR specification to retain a core level of simplicity for everyone.","Modifier extensions allow for extensions that *cannot* be safely ignored to be clearly distinguished from the vast majority of extensions which can be safely ignored.  This promotes interoperability by eliminating the need for implementers to prohibit the presence of extensions. For further information, see the [definition of modifier extensions](http://hl7.org/fhir/R5/extensibility.html#modifierExtension).","","","","","","","",,,,,"",,,,"BackboneElement.modifierExtension",0,*,"","ele-1:All FHIR elements must have a @value or children {hasValue() or (children().count() > id.count())}
ext-1:Must have either extensions or value[x], not both {extension.exists() != value.exists()}"
"tk-api-instance","CapabilityStatement.rest.resource.type","CapabilityStatement.rest.resource.type","","","",1,1,"","","Y","code {[]} {[]}
","A resource type that is supported","A type of resource exposed via the restful interface.","","","","","","","","","",,"required","One of the resource types defined as part of this version of FHIR.","http://hl7.org/fhir/ValueSet/resource-types|5.0.0","",,,,"CapabilityStatement.rest.resource.type",1,1,"cpb-9
","ele-1:All FHIR elements must have a @value or children {hasValue() or (children().count() > id.count())}
"
"tk-api-instance","CapabilityStatement.rest.resource.profile","CapabilityStatement.rest.resource.profile","","","",0,1,"","","Y","canonical {[]} {[CanonicalType[http://hl7.org/fhir/StructureDefinition/StructureDefinition|5.0.0]]}
","System-wide profile","A system-wide profile that is applied across *all* instances of the resource supported by the system. For example, if declared on Observation, this profile is the ""superset"" of capabilities for laboratory *and* vitals *and* other domains. See further discussion in [Using Profiles](http://hl7.org/fhir/R5/profiling.html#profile-uses).","All other profiles for this type that are listed in `.rest.resource.supportedProfile` must conform to this profile.","","","","","","","","",,,,,"",,,,"CapabilityStatement.rest.resource.profile",0,1,"","ele-1:All FHIR elements must have a @value or children {hasValue() or (children().count() > id.count())}
"
"tk-api-instance","CapabilityStatement.rest.resource.supportedProfile","CapabilityStatement.rest.resource.supportedProfile","","","",0,*,"","","Y","canonical {[]} {[CanonicalType[http://hl7.org/fhir/StructureDefinition/StructureDefinition|5.0.0]]}
","Use-case specific profiles","A list of profiles representing different use cases the system hosts/produces. A supported profile is a statement about the functionality of the data and services provided by the server (or the client) for supported use cases. For example, a system can define and declare multiple Observation profiles for laboratory observations, vital sign observations, etc. By declaring supported profiles, systems provide a way to determine whether individual resources are conformant. See further discussion in [Using Profiles](http://hl7.org/fhir/R5/profiling.html#profile-uses).","Supported profiles must conform to the resource profile in the `.rest.resource.profile` element if it is present. The resource profile is a system-wide profile applied across *all* instances of the resource supported by the system. A supported profile is a statement about the functionality of the data and services provided by the server (or used by the client) for a particular set of use cases and will not necessarily apply to all data consumed or exposed by the server.","","","","","","","","",,,,,"",,,,"CapabilityStatement.rest.resource.supportedProfile",0,*,"","ele-1:All FHIR elements must have a @value or children {hasValue() or (children().count() > id.count())}
"
"tk-api-instance","CapabilityStatement.rest.resource.documentation","CapabilityStatement.rest.resource.documentation","","","",0,1,"","","","markdown {[]} {[]}
","Additional information about the use of the resource type","Additional information about the resource type used by the system.","","","","","","","","","",,,,,"",,,,"CapabilityStatement.rest.resource.documentation",0,1,"","ele-1:All FHIR elements must have a @value or children {hasValue() or (children().count() > id.count())}
"
"tk-api-instance","CapabilityStatement.rest.resource.interaction","CapabilityStatement.rest.resource.interaction","","","",0,*,"","","","BackboneElement {[]} {[]}
","What operations are supported?","Identifies a restful operation supported by the solution.","In general, a Resource will only appear in a CapabilityStatement if the server actually has some capabilities - e.g. there is at least one interaction supported. However interactions can be omitted to support summarization (_summary = true).","","","","","","","","",,,,,"",,,,"CapabilityStatement.rest.resource.interaction",0,*,"","ele-1:All FHIR elements must have a @value or children {hasValue() or (children().count() > id.count())}
"
"tk-api-instance","CapabilityStatement.rest.resource.interaction.id","CapabilityStatement.rest.resource.interaction.id","","","",0,1,"","","","string {[]} {[]}
","Unique id for inter-element referencing","Unique id for the element within a resource (for internal references). This may be any string value that does not contain spaces.","","","","","","","","","",,,,,"",,,,"Element.id",0,1,"ele-1
",""
"tk-api-instance","CapabilityStatement.rest.resource.interaction.extension","CapabilityStatement.rest.resource.interaction.extension","","extensions
user content","",0,*,"","","","Extension {[]} {[]}
","Additional content defined by implementations","May be used to represent additional information that is not part of the basic definition of the element. To make the use of extensions safe and managable, there is a strict set of governance applied to the definition and use of extensions. Though any implementer can define an extension, there is a set of requirements that SHALL be met as part of the definition of the extension.","There can be no stigma associated with the use of extensions by any application, project, or standard - regardless of the institution or jurisdiction that uses or defines the extensions.  The use of extensions is what allows the FHIR specification to retain a core level of simplicity for everyone.","","","","","","","","",,,,,"",,,,"Element.extension",0,*,"","ele-1:All FHIR elements must have a @value or children {hasValue() or (children().count() > id.count())}
ext-1:Must have either extensions or value[x], not both {extension.exists() != value.exists()}"
"tk-api-instance","CapabilityStatement.rest.resource.interaction.modifierExtension","CapabilityStatement.rest.resource.interaction.modifierExtension","","extensions
user contentmodifiers","",0,*,"","Y","Y","Extension {[]} {[]}
","Extensions that cannot be ignored even if unrecognized","May be used to represent additional information that is not part of the basic definition of the element and that modifies the understanding of the element in which it is contained and/or the understanding of the containing element's descendants. Usually modifier elements provide negation or qualification. To make the use of extensions safe and managable, there is a strict set of governance applied to the definition and use of extensions. Though any implementer can define an extension, there is a set of requirements that SHALL be met as part of the definition of the extension. Applications processing a resource are required to check for modifier extensions.

Modifier extensions SHALL NOT change the meaning of any elements on Resource or DomainResource (including cannot change the meaning of modifierExtension itself).","There can be no stigma associated with the use of extensions by any application, project, or standard - regardless of the institution or jurisdiction that uses or defines the extensions.  The use of extensions is what allows the FHIR specification to retain a core level of simplicity for everyone.","Modifier extensions allow for extensions that *cannot* be safely ignored to be clearly distinguished from the vast majority of extensions which can be safely ignored.  This promotes interoperability by eliminating the need for implementers to prohibit the presence of extensions. For further information, see the [definition of modifier extensions](http://hl7.org/fhir/R5/extensibility.html#modifierExtension).","","","","","","","",,,,,"",,,,"BackboneElement.modifierExtension",0,*,"","ele-1:All FHIR elements must have a @value or children {hasValue() or (children().count() > id.count())}
ext-1:Must have either extensions or value[x], not both {extension.exists() != value.exists()}"
"tk-api-instance","CapabilityStatement.rest.resource.interaction.code","CapabilityStatement.rest.resource.interaction.code","","","",1,1,"","","","code {[]} {[]}
","read | vread | update | patch | delete | history-instance | history-type | create | search-type","Coded identifier of the operation, supported by the system resource.","","","","","","","","","",,"required","Operations supported by REST at the type or instance level.","http://hl7.org/fhir/ValueSet/type-restful-interaction|5.0.0","",,,,"CapabilityStatement.rest.resource.interaction.code",1,1,"","ele-1:All FHIR elements must have a @value or children {hasValue() or (children().count() > id.count())}
"
"tk-api-instance","CapabilityStatement.rest.resource.interaction.documentation","CapabilityStatement.rest.resource.interaction.documentation","","","",0,1,"","","","markdown {[]} {[]}
","Anything special about operation behavior","Guidance specific to the implementation of this operation, such as 'delete is a logical delete' or 'updates are only allowed with version id' or 'creates permitted from pre-authorized certificates only'.","","REST allows a degree of variability in the implementation of RESTful solutions that is useful for exchange partners to be aware of.","","","","","","","",,,,,"",,,,"CapabilityStatement.rest.resource.interaction.documentation",0,1,"","ele-1:All FHIR elements must have a @value or children {hasValue() or (children().count() > id.count())}
"
"tk-api-instance","CapabilityStatement.rest.resource.versioning","CapabilityStatement.rest.resource.versioning","","","",0,1,"","","","code {[]} {[]}
","no-version | versioned | versioned-update","This field is set to no-version to specify that the system does not support (server) or use (client) versioning for this resource type. If this has some other value, the server must at least correctly track and populate the versionId meta-property on resources. If the value is 'versioned-update', then the server supports all the versioning features, including using e-tags for version integrity in the API.","If a server supports versionIds correctly, it SHOULD support vread too, but is not required to do so.","","","","","","","","",,"required","How the system supports versioning for a resource.","http://hl7.org/fhir/ValueSet/versioning-policy|5.0.0","",,,,"CapabilityStatement.rest.resource.versioning",0,1,"","ele-1:All FHIR elements must have a @value or children {hasValue() or (children().count() > id.count())}
"
"tk-api-instance","CapabilityStatement.rest.resource.readHistory","CapabilityStatement.rest.resource.readHistory","","","",0,1,"","","","boolean {[]} {[]}
","Whether vRead can return past versions","A flag for whether the server is able to return past versions as part of the vRead operation.","It is useful to support the vRead operation for current operations, even if past versions aren't available.","","","","","","","","",,,,,"",,,,"CapabilityStatement.rest.resource.readHistory",0,1,"","ele-1:All FHIR elements must have a @value or children {hasValue() or (children().count() > id.count())}
"
"tk-api-instance","CapabilityStatement.rest.resource.updateCreate","CapabilityStatement.rest.resource.updateCreate","","","",0,1,"","","","boolean {[]} {[]}
","If update can commit to a new identity","A flag to indicate that the server allows or needs to allow the client to create new identities on the server (that is, the client PUTs to a location where there is no existing resource). Allowing this operation means that the server allows the client to create new identities on the server.","Allowing the clients to create new identities on the server means that the system administrator needs to have confidence that the clients do not create clashing identities between them. Obviously, if there is only one client, this won't happen. While creating identities on the client means that the clients need to be managed, it's much more convenient for many scenarios if such management can be put in place.","","","","","","","","",,,,,"",,,,"CapabilityStatement.rest.resource.updateCreate",0,1,"","ele-1:All FHIR elements must have a @value or children {hasValue() or (children().count() > id.count())}
"
"tk-api-instance","CapabilityStatement.rest.resource.conditionalCreate","CapabilityStatement.rest.resource.conditionalCreate","","","",0,1,"","","","boolean {[]} {[]}
","If allows/uses conditional create","A flag that indicates that the server supports conditional create.","Conditional Create is mainly appropriate for interface engine scripts converting from other formats, such as v2.","","","","","","","","",,,,,"",,,,"CapabilityStatement.rest.resource.conditionalCreate",0,1,"","ele-1:All FHIR elements must have a @value or children {hasValue() or (children().count() > id.count())}
"
"tk-api-instance","CapabilityStatement.rest.resource.conditionalRead","CapabilityStatement.rest.resource.conditionalRead","","","",0,1,"","","","code {[]} {[]}
","not-supported | modified-since | not-match | full-support","A code that indicates how the server supports conditional read.","Conditional Read is mainly appropriate for interface engine scripts converting from other formats, such as v2.","","","","","","","","",,"required","A code that indicates how the server supports conditional read.","http://hl7.org/fhir/ValueSet/conditional-read-status|5.0.0","",,,,"CapabilityStatement.rest.resource.conditionalRead",0,1,"","ele-1:All FHIR elements must have a @value or children {hasValue() or (children().count() > id.count())}
"
"tk-api-instance","CapabilityStatement.rest.resource.conditionalUpdate","CapabilityStatement.rest.resource.conditionalUpdate","","","",0,1,"","","","boolean {[]} {[]}
","If allows/uses conditional update","A flag that indicates that the server supports conditional update.","Conditional Update is mainly appropriate for interface engine scripts converting from other formats, such as v2.","","","","","","","","",,,,,"",,,,"CapabilityStatement.rest.resource.conditionalUpdate",0,1,"","ele-1:All FHIR elements must have a @value or children {hasValue() or (children().count() > id.count())}
"
"tk-api-instance","CapabilityStatement.rest.resource.conditionalPatch","CapabilityStatement.rest.resource.conditionalPatch","","","",0,1,"","","","boolean {[]} {[]}
","If allows/uses conditional patch","A flag that indicates that the server supports conditional patch.","Conditional Patch is mainly appropriate for interface engine scripts converting from other formats, such as v2.","","","","","","","","",,,,,"",,,,"CapabilityStatement.rest.resource.conditionalPatch",0,1,"","ele-1:All FHIR elements must have a @value or children {hasValue() or (children().count() > id.count())}
"
"tk-api-instance","CapabilityStatement.rest.resource.conditionalDelete","CapabilityStatement.rest.resource.conditionalDelete","","","",0,1,"","","","code {[]} {[]}
","not-supported | single | multiple - how conditional delete is supported","A code that indicates how the server supports conditional delete.","Conditional Delete is mainly appropriate for interface engine scripts converting from other formats, such as v2.","","","","","","","","",,"required","A code that indicates how the server supports conditional delete.","http://hl7.org/fhir/ValueSet/conditional-delete-status|5.0.0","",,,,"CapabilityStatement.rest.resource.conditionalDelete",0,1,"","ele-1:All FHIR elements must have a @value or children {hasValue() or (children().count() > id.count())}
"
"tk-api-instance","CapabilityStatement.rest.resource.referencePolicy","CapabilityStatement.rest.resource.referencePolicy","","","",0,*,"","","","code {[]} {[]}
","literal | logical | resolves | enforced | local","A set of flags that defines how references are supported.","","","","","","","","","",,"required","A set of flags that defines how references are supported.","http://hl7.org/fhir/ValueSet/reference-handling-policy|5.0.0","",,,,"CapabilityStatement.rest.resource.referencePolicy",0,*,"","ele-1:All FHIR elements must have a @value or children {hasValue() or (children().count() > id.count())}
"
"tk-api-instance","CapabilityStatement.rest.resource.searchInclude","CapabilityStatement.rest.resource.searchInclude","","","",0,*,"","","","string {[]} {[]}
","_include values supported by the server","A list of _include values supported by the server.","Documenting [`_include`](http://hl7.org/fhir/R5/search.html#revinclude) support helps set conformance expectations for the desired system. Still, it is a level of detail that might not be exposed by production servers or clients when using CapabilityStatement to describe an actual implementation. If this list is empty, the server does not support includes. Support for *iterative* (a.k.a., recursive) `_include` is communicated by listing the iterative includes values supported by the server in the `searchInclude` element of the ""root"" resource type. For example, to support the following search:

`GET [base]/CarePlan?_include=CarePlan:activity-reference:DeviceRequest&_include:iterate=DeviceRequest:device`

These values would be listed as part of capabilities for ""CarePlan"":

""searchInclude"" : [""CarePlan:activity-reference:DeviceRequest"",""DeviceRequest:device""],","","","","","","","","",,,,,"",,,,"CapabilityStatement.rest.resource.searchInclude",0,*,"","ele-1:All FHIR elements must have a @value or children {hasValue() or (children().count() > id.count())}
"
"tk-api-instance","CapabilityStatement.rest.resource.searchRevInclude","CapabilityStatement.rest.resource.searchRevInclude","","","",0,*,"","","","string {[]} {[]}
","_revinclude values supported by the server","A list of _revinclude (reverse include) values supported by the server.","See `CapabilityStatement.rest.resource.searchInclude` comments.","","","","","","","","",,,,,"",,,,"CapabilityStatement.rest.resource.searchRevInclude",0,*,"","ele-1:All FHIR elements must have a @value or children {hasValue() or (children().count() > id.count())}
"
"tk-api-instance","CapabilityStatement.rest.resource.searchParam","CapabilityStatement.rest.resource.searchParam","","","",0,*,"","","","BackboneElement {[]} {[]}
","Search parameters supported by implementation","Search parameters for implementations to support and/or make use of - either references to ones defined in the specification, or additional ones defined for/by the implementation.","The search parameters should include the control search parameters such as _sort, _count, etc. that also apply to this resource (though many will be listed at [CapabilityStatement.rest.searchParam](http://hl7.org/fhir/R5/capabilitystatement-definitions.html#CapabilityStatement.rest.searchParam)). The behavior of some search parameters may be further described by other code or extension elements, or narrative within the capability statement or linked [SearchParameter](http://hl7.org/fhir/R5/searchparameter.html#) definitions.","","","","","","","","",,,,,"",,,,"CapabilityStatement.rest.resource.searchParam",0,*,"cpb-12
","ele-1:All FHIR elements must have a @value or children {hasValue() or (children().count() > id.count())}
"
"tk-api-instance","CapabilityStatement.rest.resource.searchParam.id","CapabilityStatement.rest.resource.searchParam.id","","","",0,1,"","","","string {[]} {[]}
","Unique id for inter-element referencing","Unique id for the element within a resource (for internal references). This may be any string value that does not contain spaces.","","","","","","","","","",,,,,"",,,,"Element.id",0,1,"ele-1
",""
"tk-api-instance","CapabilityStatement.rest.resource.searchParam.extension","CapabilityStatement.rest.resource.searchParam.extension","","extensions
user content","",0,*,"","","","Extension {[]} {[]}
","Additional content defined by implementations","May be used to represent additional information that is not part of the basic definition of the element. To make the use of extensions safe and managable, there is a strict set of governance applied to the definition and use of extensions. Though any implementer can define an extension, there is a set of requirements that SHALL be met as part of the definition of the extension.","There can be no stigma associated with the use of extensions by any application, project, or standard - regardless of the institution or jurisdiction that uses or defines the extensions.  The use of extensions is what allows the FHIR specification to retain a core level of simplicity for everyone.","","","","","","","","",,,,,"",,,,"Element.extension",0,*,"","ele-1:All FHIR elements must have a @value or children {hasValue() or (children().count() > id.count())}
ext-1:Must have either extensions or value[x], not both {extension.exists() != value.exists()}"
"tk-api-instance","CapabilityStatement.rest.resource.searchParam.modifierExtension","CapabilityStatement.rest.resource.searchParam.modifierExtension","","extensions
user contentmodifiers","",0,*,"","Y","Y","Extension {[]} {[]}
","Extensions that cannot be ignored even if unrecognized","May be used to represent additional information that is not part of the basic definition of the element and that modifies the understanding of the element in which it is contained and/or the understanding of the containing element's descendants. Usually modifier elements provide negation or qualification. To make the use of extensions safe and managable, there is a strict set of governance applied to the definition and use of extensions. Though any implementer can define an extension, there is a set of requirements that SHALL be met as part of the definition of the extension. Applications processing a resource are required to check for modifier extensions.

Modifier extensions SHALL NOT change the meaning of any elements on Resource or DomainResource (including cannot change the meaning of modifierExtension itself).","There can be no stigma associated with the use of extensions by any application, project, or standard - regardless of the institution or jurisdiction that uses or defines the extensions.  The use of extensions is what allows the FHIR specification to retain a core level of simplicity for everyone.","Modifier extensions allow for extensions that *cannot* be safely ignored to be clearly distinguished from the vast majority of extensions which can be safely ignored.  This promotes interoperability by eliminating the need for implementers to prohibit the presence of extensions. For further information, see the [definition of modifier extensions](http://hl7.org/fhir/R5/extensibility.html#modifierExtension).","","","","","","","",,,,,"",,,,"BackboneElement.modifierExtension",0,*,"","ele-1:All FHIR elements must have a @value or children {hasValue() or (children().count() > id.count())}
ext-1:Must have either extensions or value[x], not both {extension.exists() != value.exists()}"
"tk-api-instance","CapabilityStatement.rest.resource.searchParam.name","CapabilityStatement.rest.resource.searchParam.name","","","",1,1,"","","","string {[]} {[]}
","Name for parameter in search url","The label used for the search parameter in this particular system's API - i.e. the 'name' portion of the name-value pair that will appear as part of the search URL.  This SHOULD be the same as the SearchParameter.code of the defining SearchParameter.  However, it can sometimes differ if necessary to disambiguate when a server supports multiple SearchParameters that happen to share the same code.","Parameter names cannot overlap with standard parameter names, and standard parameters cannot be redefined. There is no correspondence whatsoever between CapabilityStatement's searchParam.name and SearchParameter.name - the latter is used as a class name when generating code for the search parameter.","","","","","","","","",,,,,"",,,,"CapabilityStatement.rest.resource.searchParam.name",1,1,"cpb-12
","ele-1:All FHIR elements must have a @value or children {hasValue() or (children().count() > id.count())}
"
"tk-api-instance","CapabilityStatement.rest.resource.searchParam.definition","CapabilityStatement.rest.resource.searchParam.definition","","","",0,1,"","","","canonical {[]} {[CanonicalType[http://hl7.org/fhir/StructureDefinition/SearchParameter|5.0.0]]}
","Source of definition for parameter","An absolute URI that is a formal reference to where this parameter was first defined, so that a client can be confident of the meaning of the search parameter (a reference to [SearchParameter.url](http://hl7.org/fhir/R5/searchparameter-definitions.html#SearchParameter.url)). This element SHALL be populated if the search parameter refers to a SearchParameter defined by the FHIR core specification or externally defined IGs.","This SHOULD be present, and matches refers to a SearchParameter by its canonical URL. If systems wish to document their support for modifiers, comparators, target resource types, and chained parameters, they should do using a search parameter resource. This element SHALL be populated if the search parameter refers to a SearchParameter defined by the FHIR core specification or externally defined IGs.","","","","","","","","",,,,,"",,,,"CapabilityStatement.rest.resource.searchParam.definition",0,1,"","ele-1:All FHIR elements must have a @value or children {hasValue() or (children().count() > id.count())}
"
"tk-api-instance","CapabilityStatement.rest.resource.searchParam.type","CapabilityStatement.rest.resource.searchParam.type","","","",1,1,"","","","code {[]} {[]}
","number | date | string | token | reference | composite | quantity | uri | special","The type of value a search parameter refers to, and how the content is interpreted.","While this can be looked up from the definition, it is included here as a convenience for systems that autogenerate a query interface based on the server capability statement.  It SHALL be the same as the type in the search parameter definition.","","","","","","","","",,"required","Data types allowed to be used for search parameters.","http://hl7.org/fhir/ValueSet/search-param-type|5.0.0","",,,,"CapabilityStatement.rest.resource.searchParam.type",1,1,"","ele-1:All FHIR elements must have a @value or children {hasValue() or (children().count() > id.count())}
"
"tk-api-instance","CapabilityStatement.rest.resource.searchParam.documentation","CapabilityStatement.rest.resource.searchParam.documentation","","","",0,1,"","","","markdown {[]} {[]}
","Server-specific usage","This allows documentation of any distinct behaviors about how the search parameter is used.  For example, text matching algorithms.","","","","","","","","","",,,,,"",,,,"CapabilityStatement.rest.resource.searchParam.documentation",0,1,"","ele-1:All FHIR elements must have a @value or children {hasValue() or (children().count() > id.count())}
"
"tk-api-instance","CapabilityStatement.rest.resource.operation","CapabilityStatement.rest.resource.operation","","","",0,*,"","","Y","BackboneElement {[]} {[]}
","Definition of a resource operation","Definition of an operation or a named query together with its parameters and their meaning and type. Consult the definition of the operation for details about how to invoke the operation, and the parameters.","Operations linked from CapabilityStatement.rest.resource.operation must have OperationDefinition.type = true or OperationDefinition.instance = true.    

If an operation that is listed in multiple CapabilityStatement.rest.resource.operation (e.g. for different resource types), then clients should understand that the operation is only supported on the specified resource types, and that may be a subset of those listed in OperationDefinition.resource.","","","","","","","","",,,,,"",,,,"CapabilityStatement.rest.resource.operation",0,*,"","ele-1:All FHIR elements must have a @value or children {hasValue() or (children().count() > id.count())}
"
"tk-api-instance","CapabilityStatement.rest.resource.operation.id","CapabilityStatement.rest.resource.operation.id","","","",0,1,"","","","string {[]} {[]}
","Unique id for inter-element referencing","Unique id for the element within a resource (for internal references). This may be any string value that does not contain spaces.","","","","","","","","","",,,,,"",,,,"Element.id",0,1,"ele-1
",""
"tk-api-instance","CapabilityStatement.rest.resource.operation.extension","CapabilityStatement.rest.resource.operation.extension","","extensions
user content","",0,*,"","","","Extension {[]} {[]}
","Additional content defined by implementations","May be used to represent additional information that is not part of the basic definition of the element. To make the use of extensions safe and managable, there is a strict set of governance applied to the definition and use of extensions. Though any implementer can define an extension, there is a set of requirements that SHALL be met as part of the definition of the extension.","There can be no stigma associated with the use of extensions by any application, project, or standard - regardless of the institution or jurisdiction that uses or defines the extensions.  The use of extensions is what allows the FHIR specification to retain a core level of simplicity for everyone.","","","","","","","","",,,,,"",,,,"Element.extension",0,*,"","ele-1:All FHIR elements must have a @value or children {hasValue() or (children().count() > id.count())}
ext-1:Must have either extensions or value[x], not both {extension.exists() != value.exists()}"
"tk-api-instance","CapabilityStatement.rest.resource.operation.modifierExtension","CapabilityStatement.rest.resource.operation.modifierExtension","","extensions
user contentmodifiers","",0,*,"","Y","Y","Extension {[]} {[]}
","Extensions that cannot be ignored even if unrecognized","May be used to represent additional information that is not part of the basic definition of the element and that modifies the understanding of the element in which it is contained and/or the understanding of the containing element's descendants. Usually modifier elements provide negation or qualification. To make the use of extensions safe and managable, there is a strict set of governance applied to the definition and use of extensions. Though any implementer can define an extension, there is a set of requirements that SHALL be met as part of the definition of the extension. Applications processing a resource are required to check for modifier extensions.

Modifier extensions SHALL NOT change the meaning of any elements on Resource or DomainResource (including cannot change the meaning of modifierExtension itself).","There can be no stigma associated with the use of extensions by any application, project, or standard - regardless of the institution or jurisdiction that uses or defines the extensions.  The use of extensions is what allows the FHIR specification to retain a core level of simplicity for everyone.","Modifier extensions allow for extensions that *cannot* be safely ignored to be clearly distinguished from the vast majority of extensions which can be safely ignored.  This promotes interoperability by eliminating the need for implementers to prohibit the presence of extensions. For further information, see the [definition of modifier extensions](http://hl7.org/fhir/R5/extensibility.html#modifierExtension).","","","","","","","",,,,,"",,,,"BackboneElement.modifierExtension",0,*,"","ele-1:All FHIR elements must have a @value or children {hasValue() or (children().count() > id.count())}
ext-1:Must have either extensions or value[x], not both {extension.exists() != value.exists()}"
"tk-api-instance","CapabilityStatement.rest.resource.operation.name","CapabilityStatement.rest.resource.operation.name","","","",1,1,"","","Y","string {[]} {[]}
","Name by which the operation/query is invoked","The name of the operation or query. For an operation, this name is prefixed with $ and used in the URL. For a query, this is the name used in the _query parameter when the query is called. This SHOULD be the same as the OperationDefinition.code of the defining OperationDefinition.  However, it can sometimes differ if necessary to disambiguate when a server supports multiple OperationDefinition that happen to share the same code.","The name here SHOULD be the same as the OperationDefinition.code in the referenced OperationDefinition, unless there is a name clash and the OperationDefinition.code cannot be used. The name does not include the ""$"" portion that is always included in the URL. There is no correspondence whatsoever between CapabilityStatement's operation.name and OperationDefinition.name - the latter is used as a class name when generating code for the operation. HL7 will never define operations that have conflicting names.","","","","","","","","",,,,,"",,,,"CapabilityStatement.rest.resource.operation.name",1,1,"","ele-1:All FHIR elements must have a @value or children {hasValue() or (children().count() > id.count())}
"
"tk-api-instance","CapabilityStatement.rest.resource.operation.definition","CapabilityStatement.rest.resource.operation.definition","","","",1,1,"","","Y","canonical {[]} {[CanonicalType[http://hl7.org/fhir/StructureDefinition/OperationDefinition|5.0.0]]}
","The defined operation/query","Where the formal definition can be found. If a server references the base definition of an Operation (i.e. from the specification itself such as ```http://hl7.org/fhir/OperationDefinition/ValueSet-expand```), that means it supports the full capabilities of the operation - e.g. both GET and POST invocation.  If it only supports a subset, it must define its own custom [OperationDefinition](http://hl7.org/fhir/R5/operationdefinition.html#) with a 'base' of the original OperationDefinition.  The custom definition would describe the specific subset of functionality supported.","This can be used to build an HTML form to invoke the operation, for instance.","","","","","","","","",,,,,"",,,,"CapabilityStatement.rest.resource.operation.definition",1,1,"","ele-1:All FHIR elements must have a @value or children {hasValue() or (children().count() > id.count())}
"
"tk-api-instance","CapabilityStatement.rest.resource.operation.documentation","CapabilityStatement.rest.resource.operation.documentation","","","",0,1,"","","","markdown {[]} {[]}
","Specific details about operation behavior","Documentation that describes anything special about the operation behavior, possibly detailing different behavior for system, type and instance-level invocation of the operation.","","","","","","","","","",,,,,"",,,,"CapabilityStatement.rest.resource.operation.documentation",0,1,"","ele-1:All FHIR elements must have a @value or children {hasValue() or (children().count() > id.count())}
"
"tk-api-instance","CapabilityStatement.rest.interaction","CapabilityStatement.rest.interaction","","","",0,*,"","","","BackboneElement {[]} {[]}
","What operations are supported?","A specification of restful operations supported by the system.","","","","","","","","","",,,,,"",,,,"CapabilityStatement.rest.interaction",0,*,"","ele-1:All FHIR elements must have a @value or children {hasValue() or (children().count() > id.count())}
"
"tk-api-instance","CapabilityStatement.rest.interaction.id","CapabilityStatement.rest.interaction.id","","","",0,1,"","","","string {[]} {[]}
","Unique id for inter-element referencing","Unique id for the element within a resource (for internal references). This may be any string value that does not contain spaces.","","","","","","","","","",,,,,"",,,,"Element.id",0,1,"ele-1
",""
"tk-api-instance","CapabilityStatement.rest.interaction.extension","CapabilityStatement.rest.interaction.extension","","extensions
user content","",0,*,"","","","Extension {[]} {[]}
","Additional content defined by implementations","May be used to represent additional information that is not part of the basic definition of the element. To make the use of extensions safe and managable, there is a strict set of governance applied to the definition and use of extensions. Though any implementer can define an extension, there is a set of requirements that SHALL be met as part of the definition of the extension.","There can be no stigma associated with the use of extensions by any application, project, or standard - regardless of the institution or jurisdiction that uses or defines the extensions.  The use of extensions is what allows the FHIR specification to retain a core level of simplicity for everyone.","","","","","","","","",,,,,"",,,,"Element.extension",0,*,"","ele-1:All FHIR elements must have a @value or children {hasValue() or (children().count() > id.count())}
ext-1:Must have either extensions or value[x], not both {extension.exists() != value.exists()}"
"tk-api-instance","CapabilityStatement.rest.interaction.modifierExtension","CapabilityStatement.rest.interaction.modifierExtension","","extensions
user contentmodifiers","",0,*,"","Y","Y","Extension {[]} {[]}
","Extensions that cannot be ignored even if unrecognized","May be used to represent additional information that is not part of the basic definition of the element and that modifies the understanding of the element in which it is contained and/or the understanding of the containing element's descendants. Usually modifier elements provide negation or qualification. To make the use of extensions safe and managable, there is a strict set of governance applied to the definition and use of extensions. Though any implementer can define an extension, there is a set of requirements that SHALL be met as part of the definition of the extension. Applications processing a resource are required to check for modifier extensions.

Modifier extensions SHALL NOT change the meaning of any elements on Resource or DomainResource (including cannot change the meaning of modifierExtension itself).","There can be no stigma associated with the use of extensions by any application, project, or standard - regardless of the institution or jurisdiction that uses or defines the extensions.  The use of extensions is what allows the FHIR specification to retain a core level of simplicity for everyone.","Modifier extensions allow for extensions that *cannot* be safely ignored to be clearly distinguished from the vast majority of extensions which can be safely ignored.  This promotes interoperability by eliminating the need for implementers to prohibit the presence of extensions. For further information, see the [definition of modifier extensions](http://hl7.org/fhir/R5/extensibility.html#modifierExtension).","","","","","","","",,,,,"",,,,"BackboneElement.modifierExtension",0,*,"","ele-1:All FHIR elements must have a @value or children {hasValue() or (children().count() > id.count())}
ext-1:Must have either extensions or value[x], not both {extension.exists() != value.exists()}"
"tk-api-instance","CapabilityStatement.rest.interaction.code","CapabilityStatement.rest.interaction.code","","","",1,1,"","","","code {[]} {[]}
","transaction | batch | search-system | history-system","A coded identifier of the operation, supported by the system.","","","","","","","","","",,"required","Operations supported by REST at the system level.","http://hl7.org/fhir/ValueSet/system-restful-interaction|5.0.0","",,,,"CapabilityStatement.rest.interaction.code",1,1,"","ele-1:All FHIR elements must have a @value or children {hasValue() or (children().count() > id.count())}
"
"tk-api-instance","CapabilityStatement.rest.interaction.documentation","CapabilityStatement.rest.interaction.documentation","","","",0,1,"","","","markdown {[]} {[]}
","Anything special about operation behavior","Guidance specific to the implementation of this operation, such as limitations on the kind of transactions allowed, or information about system wide search is implemented.","","","","","","","","","",,,,,"",,,,"CapabilityStatement.rest.interaction.documentation",0,1,"","ele-1:All FHIR elements must have a @value or children {hasValue() or (children().count() > id.count())}
"
"tk-api-instance","CapabilityStatement.rest.searchParam","CapabilityStatement.rest.searchParam","","","",0,*,"","","","null {[]} {[]}
","Search parameters for searching all resources","Search parameters that are supported for searching all resources for implementations to support and/or make use of - either references to ones defined in the specification, or additional ones defined for/by the implementation. This is only for searches executed against the system-level endpoint.","Typically, the only search parameters supported for all searches are those that apply to all resources - tags, profiles, text search etc. These search parameters should include the control search parameters such as _sort, _count, etc. that also apply to this resource (though many will be listed at [CapabilityStatement.rest.searchParam](http://hl7.org/fhir/R5/capabilitystatement-definitions.html#CapabilityStatement.rest.searchParam)). The behavior of some search parameters may be further described by other code or extension elements, or narrative within the capability statement or linked [SearchParameter](http://hl7.org/fhir/R5/searchparameter.html#) definitions.","","","","","","","","",,,,,"",,,,"CapabilityStatement.rest.searchParam",0,*,"","ele-1:All FHIR elements must have a @value or children {hasValue() or (children().count() > id.count())}
"
"tk-api-instance","CapabilityStatement.rest.operation","CapabilityStatement.rest.operation","","","",0,*,"","","Y","null {[]} {[]}
","Definition of a system level operation","Definition of an operation or a named query together with its parameters and their meaning and type.","CapabilityStatement.rest.operation is for operations invoked at the system level, or for operations that are supported across multiple resource types. Operations linked from CapabilityStatement.rest.operation must have OperationDefinition.system = true, or more than one Operation.resource.","","","","","","","","",,,,,"",,,,"CapabilityStatement.rest.operation",0,*,"","ele-1:All FHIR elements must have a @value or children {hasValue() or (children().count() > id.count())}
"
"tk-api-instance","CapabilityStatement.rest.compartment","CapabilityStatement.rest.compartment","","","",0,*,"","","","canonical {[]} {[CanonicalType[http://hl7.org/fhir/StructureDefinition/CompartmentDefinition|5.0.0]]}
","Compartments served/used by system","An absolute URI which is a reference to the definition of a compartment that the system supports. The reference is to a CompartmentDefinition resource by its canonical URL .","At present, the only defined compartments are at [CompartmentDefinition](http://hl7.org/fhir/R5/compartmentdefinition.html).","","","","","","","","",,,,,"",,,,"CapabilityStatement.rest.compartment",0,*,"","ele-1:All FHIR elements must have a @value or children {hasValue() or (children().count() > id.count())}
"
"tk-api-instance","CapabilityStatement.messaging","CapabilityStatement.messaging","","","",0,*,"","","Y","BackboneElement {[]} {[]}
","If messaging is supported","A description of the messaging capabilities of the solution.","Multiple repetitions allow the documentation of multiple endpoints per solution.","","","","","","","","",,,,,"",,,,"CapabilityStatement.messaging",0,*,"cpb-1
","ele-1:All FHIR elements must have a @value or children {hasValue() or (children().count() > id.count())}
"
"tk-api-instance","CapabilityStatement.messaging.id","CapabilityStatement.messaging.id","","","",0,1,"","","","string {[]} {[]}
","Unique id for inter-element referencing","Unique id for the element within a resource (for internal references). This may be any string value that does not contain spaces.","","","","","","","","","",,,,,"",,,,"Element.id",0,1,"ele-1
",""
"tk-api-instance","CapabilityStatement.messaging.extension","CapabilityStatement.messaging.extension","","extensions
user content","",0,*,"","","","Extension {[]} {[]}
","Additional content defined by implementations","May be used to represent additional information that is not part of the basic definition of the element. To make the use of extensions safe and managable, there is a strict set of governance applied to the definition and use of extensions. Though any implementer can define an extension, there is a set of requirements that SHALL be met as part of the definition of the extension.","There can be no stigma associated with the use of extensions by any application, project, or standard - regardless of the institution or jurisdiction that uses or defines the extensions.  The use of extensions is what allows the FHIR specification to retain a core level of simplicity for everyone.","","","","","","","","",,,,,"",,,,"Element.extension",0,*,"","ele-1:All FHIR elements must have a @value or children {hasValue() or (children().count() > id.count())}
ext-1:Must have either extensions or value[x], not both {extension.exists() != value.exists()}"
"tk-api-instance","CapabilityStatement.messaging.modifierExtension","CapabilityStatement.messaging.modifierExtension","","extensions
user contentmodifiers","",0,*,"","Y","Y","Extension {[]} {[]}
","Extensions that cannot be ignored even if unrecognized","May be used to represent additional information that is not part of the basic definition of the element and that modifies the understanding of the element in which it is contained and/or the understanding of the containing element's descendants. Usually modifier elements provide negation or qualification. To make the use of extensions safe and managable, there is a strict set of governance applied to the definition and use of extensions. Though any implementer can define an extension, there is a set of requirements that SHALL be met as part of the definition of the extension. Applications processing a resource are required to check for modifier extensions.

Modifier extensions SHALL NOT change the meaning of any elements on Resource or DomainResource (including cannot change the meaning of modifierExtension itself).","There can be no stigma associated with the use of extensions by any application, project, or standard - regardless of the institution or jurisdiction that uses or defines the extensions.  The use of extensions is what allows the FHIR specification to retain a core level of simplicity for everyone.","Modifier extensions allow for extensions that *cannot* be safely ignored to be clearly distinguished from the vast majority of extensions which can be safely ignored.  This promotes interoperability by eliminating the need for implementers to prohibit the presence of extensions. For further information, see the [definition of modifier extensions](http://hl7.org/fhir/R5/extensibility.html#modifierExtension).","","","","","","","",,,,,"",,,,"BackboneElement.modifierExtension",0,*,"","ele-1:All FHIR elements must have a @value or children {hasValue() or (children().count() > id.count())}
ext-1:Must have either extensions or value[x], not both {extension.exists() != value.exists()}"
"tk-api-instance","CapabilityStatement.messaging.endpoint","CapabilityStatement.messaging.endpoint","","3
","",0,*,"","","","BackboneElement {[]} {[]}
","Where messages should be sent","An endpoint (network accessible address) to which messages and/or replies are to be sent.","","","","","","","","","",,,,,"",,,,"CapabilityStatement.messaging.endpoint",0,*,"cpb-3
","ele-1:All FHIR elements must have a @value or children {hasValue() or (children().count() > id.count())}
"
"tk-api-instance","CapabilityStatement.messaging.endpoint.id","CapabilityStatement.messaging.endpoint.id","","","",0,1,"","","","string {[]} {[]}
","Unique id for inter-element referencing","Unique id for the element within a resource (for internal references). This may be any string value that does not contain spaces.","","","","","","","","","",,,,,"",,,,"Element.id",0,1,"ele-1
",""
"tk-api-instance","CapabilityStatement.messaging.endpoint.extension","CapabilityStatement.messaging.endpoint.extension","","extensions
user content","",0,*,"","","","Extension {[]} {[]}
","Additional content defined by implementations","May be used to represent additional information that is not part of the basic definition of the element. To make the use of extensions safe and managable, there is a strict set of governance applied to the definition and use of extensions. Though any implementer can define an extension, there is a set of requirements that SHALL be met as part of the definition of the extension.","There can be no stigma associated with the use of extensions by any application, project, or standard - regardless of the institution or jurisdiction that uses or defines the extensions.  The use of extensions is what allows the FHIR specification to retain a core level of simplicity for everyone.","","","","","","","","",,,,,"",,,,"Element.extension",0,*,"","ele-1:All FHIR elements must have a @value or children {hasValue() or (children().count() > id.count())}
ext-1:Must have either extensions or value[x], not both {extension.exists() != value.exists()}"
"tk-api-instance","CapabilityStatement.messaging.endpoint.modifierExtension","CapabilityStatement.messaging.endpoint.modifierExtension","","extensions
user contentmodifiers","",0,*,"","Y","Y","Extension {[]} {[]}
","Extensions that cannot be ignored even if unrecognized","May be used to represent additional information that is not part of the basic definition of the element and that modifies the understanding of the element in which it is contained and/or the understanding of the containing element's descendants. Usually modifier elements provide negation or qualification. To make the use of extensions safe and managable, there is a strict set of governance applied to the definition and use of extensions. Though any implementer can define an extension, there is a set of requirements that SHALL be met as part of the definition of the extension. Applications processing a resource are required to check for modifier extensions.

Modifier extensions SHALL NOT change the meaning of any elements on Resource or DomainResource (including cannot change the meaning of modifierExtension itself).","There can be no stigma associated with the use of extensions by any application, project, or standard - regardless of the institution or jurisdiction that uses or defines the extensions.  The use of extensions is what allows the FHIR specification to retain a core level of simplicity for everyone.","Modifier extensions allow for extensions that *cannot* be safely ignored to be clearly distinguished from the vast majority of extensions which can be safely ignored.  This promotes interoperability by eliminating the need for implementers to prohibit the presence of extensions. For further information, see the [definition of modifier extensions](http://hl7.org/fhir/R5/extensibility.html#modifierExtension).","","","","","","","",,,,,"",,,,"BackboneElement.modifierExtension",0,*,"","ele-1:All FHIR elements must have a @value or children {hasValue() or (children().count() > id.count())}
ext-1:Must have either extensions or value[x], not both {extension.exists() != value.exists()}"
"tk-api-instance","CapabilityStatement.messaging.endpoint.protocol","CapabilityStatement.messaging.endpoint.protocol","","","",1,1,"","","","Coding {[]} {[]}
","http | ftp | mllp +","A list of the messaging transport protocol(s) identifiers, supported by this endpoint.","","","","","","","","","",,"extensible","The protocol used for message transport.","http://hl7.org/fhir/ValueSet/message-transport|5.0.0","",,,,"CapabilityStatement.messaging.endpoint.protocol",1,1,"","ele-1:All FHIR elements must have a @value or children {hasValue() or (children().count() > id.count())}
"
"tk-api-instance","CapabilityStatement.messaging.endpoint.address","CapabilityStatement.messaging.endpoint.address","","","",1,1,"","","","url {[]} {[]}
","Network address or identifier of the end-point","The network address of the endpoint. For solutions that do not use network addresses for routing, it can be just an identifier.","","","","","","","","","",,,,,"",,,,"CapabilityStatement.messaging.endpoint.address",1,1,"","ele-1:All FHIR elements must have a @value or children {hasValue() or (children().count() > id.count())}
"
"tk-api-instance","CapabilityStatement.messaging.reliableCache","CapabilityStatement.messaging.reliableCache","","","",0,1,"","","","unsignedInt {[]} {[]}
","Reliable Message Cache Length (min)","Length if the receiver's reliable messaging cache in minutes (if a receiver) or how long the cache length on the receiver should be (if a sender).","If this value is missing then the application does not implement (receiver) or depend on (sender) reliable messaging.","","","","","","","","",,,,,"",,,,"CapabilityStatement.messaging.reliableCache",0,1,"","ele-1:All FHIR elements must have a @value or children {hasValue() or (children().count() > id.count())}
"
"tk-api-instance","CapabilityStatement.messaging.documentation","CapabilityStatement.messaging.documentation","","","",0,1,"","","","markdown {[]} {[]}
","Messaging interface behavior details","Documentation about the system's messaging capabilities for this endpoint not otherwise documented by the capability statement.  For example, the process for becoming an authorized messaging exchange partner.","","","","","","","","","",,,,,"",,,,"CapabilityStatement.messaging.documentation",0,1,"","ele-1:All FHIR elements must have a @value or children {hasValue() or (children().count() > id.count())}
"
"tk-api-instance","CapabilityStatement.messaging.supportedMessage","CapabilityStatement.messaging.supportedMessage","","","",0,*,"","","Y","BackboneElement {[]} {[]}
","Messages supported by this system","References to message definitions for messages this system can send or receive.","This is a proposed alternative to the messaging.event structure.","","","","","","","","",,,,,"",,,,"CapabilityStatement.messaging.supportedMessage",0,*,"","ele-1:All FHIR elements must have a @value or children {hasValue() or (children().count() > id.count())}
"
"tk-api-instance","CapabilityStatement.messaging.supportedMessage.id","CapabilityStatement.messaging.supportedMessage.id","","","",0,1,"","","","string {[]} {[]}
","Unique id for inter-element referencing","Unique id for the element within a resource (for internal references). This may be any string value that does not contain spaces.","","","","","","","","","",,,,,"",,,,"Element.id",0,1,"ele-1
",""
"tk-api-instance","CapabilityStatement.messaging.supportedMessage.extension","CapabilityStatement.messaging.supportedMessage.extension","","extensions
user content","",0,*,"","","","Extension {[]} {[]}
","Additional content defined by implementations","May be used to represent additional information that is not part of the basic definition of the element. To make the use of extensions safe and managable, there is a strict set of governance applied to the definition and use of extensions. Though any implementer can define an extension, there is a set of requirements that SHALL be met as part of the definition of the extension.","There can be no stigma associated with the use of extensions by any application, project, or standard - regardless of the institution or jurisdiction that uses or defines the extensions.  The use of extensions is what allows the FHIR specification to retain a core level of simplicity for everyone.","","","","","","","","",,,,,"",,,,"Element.extension",0,*,"","ele-1:All FHIR elements must have a @value or children {hasValue() or (children().count() > id.count())}
ext-1:Must have either extensions or value[x], not both {extension.exists() != value.exists()}"
"tk-api-instance","CapabilityStatement.messaging.supportedMessage.modifierExtension","CapabilityStatement.messaging.supportedMessage.modifierExtension","","extensions
user contentmodifiers","",0,*,"","Y","Y","Extension {[]} {[]}
","Extensions that cannot be ignored even if unrecognized","May be used to represent additional information that is not part of the basic definition of the element and that modifies the understanding of the element in which it is contained and/or the understanding of the containing element's descendants. Usually modifier elements provide negation or qualification. To make the use of extensions safe and managable, there is a strict set of governance applied to the definition and use of extensions. Though any implementer can define an extension, there is a set of requirements that SHALL be met as part of the definition of the extension. Applications processing a resource are required to check for modifier extensions.

Modifier extensions SHALL NOT change the meaning of any elements on Resource or DomainResource (including cannot change the meaning of modifierExtension itself).","There can be no stigma associated with the use of extensions by any application, project, or standard - regardless of the institution or jurisdiction that uses or defines the extensions.  The use of extensions is what allows the FHIR specification to retain a core level of simplicity for everyone.","Modifier extensions allow for extensions that *cannot* be safely ignored to be clearly distinguished from the vast majority of extensions which can be safely ignored.  This promotes interoperability by eliminating the need for implementers to prohibit the presence of extensions. For further information, see the [definition of modifier extensions](http://hl7.org/fhir/R5/extensibility.html#modifierExtension).","","","","","","","",,,,,"",,,,"BackboneElement.modifierExtension",0,*,"","ele-1:All FHIR elements must have a @value or children {hasValue() or (children().count() > id.count())}
ext-1:Must have either extensions or value[x], not both {extension.exists() != value.exists()}"
"tk-api-instance","CapabilityStatement.messaging.supportedMessage.mode","CapabilityStatement.messaging.supportedMessage.mode","","","",1,1,"","","Y","code {[]} {[]}
","sender | receiver","The mode of this event declaration - whether application is sender or receiver.","","","","","","","","","",,"required","The mode of a message capability statement.","http://hl7.org/fhir/ValueSet/event-capability-mode|5.0.0","",,,,"CapabilityStatement.messaging.supportedMessage.mode",1,1,"","ele-1:All FHIR elements must have a @value or children {hasValue() or (children().count() > id.count())}
"
"tk-api-instance","CapabilityStatement.messaging.supportedMessage.definition","CapabilityStatement.messaging.supportedMessage.definition","","","",1,1,"","","Y","canonical {[]} {[CanonicalType[http://hl7.org/fhir/StructureDefinition/MessageDefinition|5.0.0]]}
","Message supported by this system","Points to a message definition that identifies the messaging event, message structure, allowed responses, etc.","","","","","","","","","",,,,,"",,,,"CapabilityStatement.messaging.supportedMessage.definition",1,1,"","ele-1:All FHIR elements must have a @value or children {hasValue() or (children().count() > id.count())}
"
"tk-api-instance","CapabilityStatement.document","CapabilityStatement.document","","","",0,*,"","","Y","BackboneElement {[]} {[]}
","Document definition","A document definition.","","","","","","","","","",,,,,"",,,,"CapabilityStatement.document",0,*,"cpb-7
cpb-1","ele-1:All FHIR elements must have a @value or children {hasValue() or (children().count() > id.count())}
"
"tk-api-instance","CapabilityStatement.document.id","CapabilityStatement.document.id","","","",0,1,"","","","string {[]} {[]}
","Unique id for inter-element referencing","Unique id for the element within a resource (for internal references). This may be any string value that does not contain spaces.","","","","","","","","","",,,,,"",,,,"Element.id",0,1,"ele-1
",""
"tk-api-instance","CapabilityStatement.document.extension","CapabilityStatement.document.extension","","extensions
user content","",0,*,"","","","Extension {[]} {[]}
","Additional content defined by implementations","May be used to represent additional information that is not part of the basic definition of the element. To make the use of extensions safe and managable, there is a strict set of governance applied to the definition and use of extensions. Though any implementer can define an extension, there is a set of requirements that SHALL be met as part of the definition of the extension.","There can be no stigma associated with the use of extensions by any application, project, or standard - regardless of the institution or jurisdiction that uses or defines the extensions.  The use of extensions is what allows the FHIR specification to retain a core level of simplicity for everyone.","","","","","","","","",,,,,"",,,,"Element.extension",0,*,"","ele-1:All FHIR elements must have a @value or children {hasValue() or (children().count() > id.count())}
ext-1:Must have either extensions or value[x], not both {extension.exists() != value.exists()}"
"tk-api-instance","CapabilityStatement.document.modifierExtension","CapabilityStatement.document.modifierExtension","","extensions
user contentmodifiers","",0,*,"","Y","Y","Extension {[]} {[]}
","Extensions that cannot be ignored even if unrecognized","May be used to represent additional information that is not part of the basic definition of the element and that modifies the understanding of the element in which it is contained and/or the understanding of the containing element's descendants. Usually modifier elements provide negation or qualification. To make the use of extensions safe and managable, there is a strict set of governance applied to the definition and use of extensions. Though any implementer can define an extension, there is a set of requirements that SHALL be met as part of the definition of the extension. Applications processing a resource are required to check for modifier extensions.

Modifier extensions SHALL NOT change the meaning of any elements on Resource or DomainResource (including cannot change the meaning of modifierExtension itself).","There can be no stigma associated with the use of extensions by any application, project, or standard - regardless of the institution or jurisdiction that uses or defines the extensions.  The use of extensions is what allows the FHIR specification to retain a core level of simplicity for everyone.","Modifier extensions allow for extensions that *cannot* be safely ignored to be clearly distinguished from the vast majority of extensions which can be safely ignored.  This promotes interoperability by eliminating the need for implementers to prohibit the presence of extensions. For further information, see the [definition of modifier extensions](http://hl7.org/fhir/R5/extensibility.html#modifierExtension).","","","","","","","",,,,,"",,,,"BackboneElement.modifierExtension",0,*,"","ele-1:All FHIR elements must have a @value or children {hasValue() or (children().count() > id.count())}
ext-1:Must have either extensions or value[x], not both {extension.exists() != value.exists()}"
"tk-api-instance","CapabilityStatement.document.mode","CapabilityStatement.document.mode","","","",1,1,"","","Y","code {[]} {[]}
","producer | consumer","Mode of this document declaration - whether an application is a producer or consumer.","","","","","","","","","",,"required","Whether the application produces or consumes documents.","http://hl7.org/fhir/ValueSet/document-mode|5.0.0","",,,,"CapabilityStatement.document.mode",1,1,"cpb-7
","ele-1:All FHIR elements must have a @value or children {hasValue() or (children().count() > id.count())}
"
"tk-api-instance","CapabilityStatement.document.documentation","CapabilityStatement.document.documentation","","","",0,1,"","","","markdown {[]} {[]}
","Description of document support","A description of how the application supports or uses the specified document profile.  For example, when documents are created, what action is taken with consumed documents, etc.","","","","","","","","","",,,,,"",,,,"CapabilityStatement.document.documentation",0,1,"","ele-1:All FHIR elements must have a @value or children {hasValue() or (children().count() > id.count())}
"
"tk-api-instance","CapabilityStatement.document.profile","CapabilityStatement.document.profile","","","",1,1,"","","Y","canonical {[]} {[CanonicalType[http://hl7.org/fhir/StructureDefinition/StructureDefinition|5.0.0]]}
","Constraint on the resources used in the document","A profile on the document Bundle that constrains which resources are present, and their contents.","The profile is actually on the Bundle.","","","","","","","","",,,,,"",,,,"CapabilityStatement.document.profile",1,1,"cpb-7
","ele-1:All FHIR elements must have a @value or children {hasValue() or (children().count() > id.count())}
"
"tk-api-specification-capability","CapabilityStatement","CapabilityStatement","","","",0,*,"","","","null {[]} {[]}
","A statement of system capabilities","A Capability Statement documents a set of capabilities (behaviors) of a FHIR Server or Client for a particular version of FHIR that may be used as a statement of actual server functionality or a statement of required or desired server implementation.","Applications may implement multiple versions (see [Managing Multiple Versions](http://hl7.org/fhir/R5/versioning.html), and the [$versions](http://hl7.org/fhir/R5/capabilitystatement-operation-versions.html) operation). If they do, then a CapabilityStatement describes the system's support for a particular version of FHIR, and the server will have multiple statements, one for each version.","","","","","","","","",,,,,"",,,,"CapabilityStatement",0,*,"","cnl-0:Name should be usable as an identifier for the module by machine processing applications such as code generation {name.exists() implies name.matches('^[A-Z]([A-Za-z0-9_]){1,254}$')}
cpb-1:A Capability Statement SHALL have at least one of REST, messaging or document element. {rest.exists() or messaging.exists() or document.exists()}cpb-2:A Capability Statement SHALL have at least one of description, software, or implementation element. {(description.count() + software.count() + implementation.count()) > 0}cpb-3:Messaging end-point is only permitted when a capability statement is for an implementation. {messaging.endpoint.empty() or kind = 'instance'}cpb-4:There should only be one CapabilityStatement.rest per mode. {rest.mode.isDistinct()}cpb-7:The set of documents must be unique by the combination of profile and mode. {document.select(profile&mode).isDistinct()}cpb-14:If kind = instance, implementation must be present and software may be present {(kind != 'instance') or implementation.exists()}cpb-15:If kind = capability, implementation must be absent, software must be present {(kind != 'capability') or (implementation.exists().not() and software.exists())}cpb-16:If kind = requirements, implementation and software must be absent {(kind!='requirements') or (implementation.exists().not() and software.exists().not())}"
"tk-api-specification-capability","CapabilityStatement.id","CapabilityStatement.id","","","",0,1,"","","Y","id {[]} {[]}
","Logical id of this artifact","The logical id of the resource, as used in the URL for the resource. Once assigned, this value never changes.","Within the context of the FHIR RESTful interactions, the resource has an id except for cases like the create and conditional update. Otherwise, the use of the resouce id depends on the given use case.","","","","","","","","",,,,,"",,,,"Resource.id",0,1,"",""
"tk-api-specification-capability","CapabilityStatement.meta","CapabilityStatement.meta","","","",0,1,"","","Y","Meta {[]} {[]}
","Metadata about the resource","The metadata about the resource. This is content that is maintained by the infrastructure. Changes to the content might not always be associated with version changes to the resource.","","","","","","","","","",,,,,"",,,,"Resource.meta",0,1,"","ele-1:All FHIR elements must have a @value or children {hasValue() or (children().count() > id.count())}
"
"tk-api-specification-capability","CapabilityStatement.implicitRules","CapabilityStatement.implicitRules","","","",0,1,"","Y","Y","uri {[]} {[]}
","A set of rules under which this content was created","A reference to a set of rules that were followed when the resource was constructed, and which must be understood when processing the content. Often, this is a reference to an implementation guide that defines the special rules along with other profiles etc.","Asserting this rule set restricts the content to be only understood by a limited set of trading partners. This inherently limits the usefulness of the data in the long term. However, the existing health eco-system is highly fractured, and not yet ready to define, collect, and exchange data in a generally computable sense. Wherever possible, implementers and/or specification writers should avoid using this element. Often, when used, the URL is a reference to an implementation guide that defines these special rules as part of its narrative along with other profiles, value sets, etc.","","","","","","","","",,,,,"",,,,"Resource.implicitRules",0,1,"","ele-1:All FHIR elements must have a @value or children {hasValue() or (children().count() > id.count())}
"
"tk-api-specification-capability","CapabilityStatement.language","CapabilityStatement.language","","","",0,1,"","","","code {[]} {[]}
","Language of the resource content","The base language in which the resource is written.","Language is provided to support indexing and accessibility (typically, services such as text to speech use the language tag). The html language tag in the narrative applies  to the narrative. The language tag on the resource may be used to specify the language of other presentations generated from the data in the resource. Not all the content has to be in the base language. The Resource.language should not be assumed to apply to the narrative automatically. If a language is specified, it should it also be specified on the div element in the html (see rules in HTML5 for information about the relationship between xml:lang and the html lang attribute).","","","","","","","","",,"required","IETF language tag for a human language","http://hl7.org/fhir/ValueSet/all-languages|5.0.0","",,,,"Resource.language",0,1,"","ele-1:All FHIR elements must have a @value or children {hasValue() or (children().count() > id.count())}
"
"tk-api-specification-capability","CapabilityStatement.text","CapabilityStatement.text","","narrative
htmlxhtmldisplay","",0,1,"","","","Narrative {[]} {[]}
","Text summary of the resource, for human interpretation","A human-readable narrative that contains a summary of the resource and can be used to represent the content of the resource to a human. The narrative need not encode all the structured data, but is required to contain sufficient detail to make it ""clinically safe"" for a human to just read the narrative. Resource definitions may define what content should be represented in the narrative to ensure clinical safety.","Contained resources do not have a narrative. Resources that are not contained SHOULD have a narrative. In some cases, a resource may only have text with little or no additional discrete data (as long as all minOccurs=1 elements are satisfied).  This may be necessary for data from legacy systems where information is captured as a ""text blob"" or where text is additionally entered raw or narrated and encoded information is added later.","","","","","","","","",,,,,"",,,,"DomainResource.text",0,1,"dom-6
","ele-1:All FHIR elements must have a @value or children {hasValue() or (children().count() > id.count())}
"
"tk-api-specification-capability","CapabilityStatement.contained","CapabilityStatement.contained","","inline resources
anonymous resourcescontained resources","",0,*,"","","","Resource {[]} {[]}
","Contained, inline Resources","These resources do not have an independent existence apart from the resource that contains them - they cannot be identified independently, nor can they have their own independent transaction scope. This is allowed to be a Parameters resource if and only if it is referenced by a resource that provides context/meaning.","This should never be done when the content can be identified properly, as once identification is lost, it is extremely difficult (and context dependent) to restore it again. Contained resources may have profiles and tags in their meta elements, but SHALL NOT have security labels.","","","","","","","","",,,,,"",,,,"DomainResource.contained",0,*,"dom-2
dom-4dom-3dom-5",""
"tk-api-specification-capability","CapabilityStatement.extension","CapabilityStatement.extension","","","",0,*,"","","","Extension {[]} {[]}
","Extension","An Extension","","","","","","","","","",,,,,"","value:url}
","",,"open","DomainResource.extension",0,*,"","ele-1:All FHIR elements must have a @value or children {hasValue() or (children().count() > id.count())}
ext-1:Must have either extensions or value[x], not both {extension.exists() != value.exists()}"
"tk-api-specification-capability","CapabilityStatement.extension:category","CapabilityStatement.extension","category","","",0,1,"Y","","","Extension {[CanonicalType[https://fhir.inera.se/ig/tjanstekatalog/StructureDefinition/tk-api-specification-category]]} {[]}
","Specifikationskategori","Typ av specifikation, t.ex. FHIR, REST/OpenAPI, SOAP/RIVTA-tjänstekontrakt (API-specifikation.kategori i informationsunderlaget). Basresursen CapabilityStatement saknar ett eget element för klassificering av detta slag.","","","","","","","","","",,,,,"",,,,"DomainResource.extension",0,*,"","ele-1:All FHIR elements must have a @value or children {hasValue() or (children().count() > id.count())}
ext-1:Must have either extensions or value[x], not both {extension.exists() != value.exists()}"
"tk-api-specification-capability","CapabilityStatement.extension:sourceReference","CapabilityStatement.extension","sourceReference","","",0,1,"Y","","","Extension {[CanonicalType[https://fhir.inera.se/ig/tjanstekatalog/StructureDefinition/tk-api-specification-source-reference]]} {[]}
","Referens till källa","Länk till specifikationens källa/publiceringsplats (t.ex. dokumentation eller repository), skild från den kanoniska maskinidentiteten CapabilityStatement.url (API-specifikation.referensTillKälla i informationsunderlaget).","","","","","","","","","",,,,,"",,,,"DomainResource.extension",0,*,"","ele-1:All FHIR elements must have a @value or children {hasValue() or (children().count() > id.count())}
ext-1:Must have either extensions or value[x], not both {extension.exists() != value.exists()}"
"tk-api-specification-capability","CapabilityStatement.extension:responsibleOrganization","CapabilityStatement.extension","responsibleOrganization","","",0,1,"Y","","","Extension {[CanonicalType[https://fhir.inera.se/ig/tjanstekatalog/StructureDefinition/tk-capabilitystatement-responsible-organization]]} {[]}
","Ansvarig organisation (strukturerad referens)","Strukturerad referens till organisationen som ansvarar för en TKAPISpecificationCapability (API-specifikation.ansvarigUtgivare i informationsunderlaget). Komplement till CapabilityStatement.publisher (string).","","","","","","","","","",,,,,"",,,,"DomainResource.extension",0,*,"","ele-1:All FHIR elements must have a @value or children {hasValue() or (children().count() > id.count())}
ext-1:Must have either extensions or value[x], not both {extension.exists() != value.exists()}"
"tk-api-specification-capability","CapabilityStatement.modifierExtension","CapabilityStatement.modifierExtension","","extensions
user content","",0,*,"","Y","Y","Extension {[]} {[]}
","Extensions that cannot be ignored","May be used to represent additional information that is not part of the basic definition of the resource and that modifies the understanding of the element that contains it and/or the understanding of the containing element's descendants. Usually modifier elements provide negation or qualification. To make the use of extensions safe and managable, there is a strict set of governance applied to the definition and use of extensions. Though any implementer is allowed to define an extension, there is a set of requirements that SHALL be met as part of the definition of the extension. Applications processing a resource are required to check for modifier extensions.

Modifier extensions SHALL NOT change the meaning of any elements on Resource or DomainResource (including cannot change the meaning of modifierExtension itself).","There can be no stigma associated with the use of extensions by any application, project, or standard - regardless of the institution or jurisdiction that uses or defines the extensions.  The use of extensions is what allows the FHIR specification to retain a core level of simplicity for everyone.","Modifier extensions allow for extensions that *cannot* be safely ignored to be clearly distinguished from the vast majority of extensions which can be safely ignored.  This promotes interoperability by eliminating the need for implementers to prohibit the presence of extensions. For further information, see the [definition of modifier extensions](http://hl7.org/fhir/R5/extensibility.html#modifierExtension).","","","","","","","",,,,,"",,,,"DomainResource.modifierExtension",0,*,"","ele-1:All FHIR elements must have a @value or children {hasValue() or (children().count() > id.count())}
ext-1:Must have either extensions or value[x], not both {extension.exists() != value.exists()}"
"tk-api-specification-capability","CapabilityStatement.url","CapabilityStatement.url","","","",1,1,"Y","","Y","uri {[]} {[]}
","Specifikationens kanoniska URL","An absolute URI that is used to identify this capability statement when it is referenced in a specification, model, design or an instance; also called its canonical identifier. This SHOULD be globally unique and SHOULD be a literal address at which an authoritative instance of this capability statement is (or will be) published. This URL can be the target of a canonical reference. It SHALL remain the same when the capability statement is stored on different servers.","Can be a urn:uuid: or a urn:oid: but real http: addresses are preferred.  Multiple instances may share the same URL if they have a distinct version.

The determination of when to create a new version of a resource (same url, new version) vs. defining a new artifact is up to the author.  Considerations for making this decision are found in [Technical and Business Versions](http://hl7.org/fhir/R5/resource.html#versions). 

In some cases, the resource can no longer be found at the stated url, but the url itself cannot change. Implementations can use the [meta.source](http://hl7.org/fhir/R5/resource.html#meta) element to indicate where the current master source of the resource can be found.","Allows the capability statement to be referenced by a single globally unique identifier.","","","","","","","",,,,,"",,,,"CapabilityStatement.url",0,1,"","cnl-1:URL should not contain | or # - these characters make processing canonical references problematic {exists() implies matches('^[^|# ]+$')}
ele-1:All FHIR elements must have a @value or children {hasValue() or (children().count() > id.count())}"
"tk-api-specification-capability","CapabilityStatement.identifier","CapabilityStatement.identifier","","","",0,*,"","","Y","Identifier {[]} {[]}
","Additional identifier for the CapabilityStatement (business identifier)","A formal identifier that is used to identify this CapabilityStatement when it is represented in other formats, or referenced in a specification, model, design or an instance.","","Allows externally provided and/or usable business identifiers to be easily associated with the module.","","","","","","","",,,,,"",,,,"CapabilityStatement.identifier",0,*,"","ele-1:All FHIR elements must have a @value or children {hasValue() or (children().count() > id.count())}
"
"tk-api-specification-capability","CapabilityStatement.version","CapabilityStatement.version","","","",0,1,"Y","","Y","string {[]} {[]}
","Business version of the capability statement","The identifier that is used to identify this version of the capability statement when it is referenced in a specification, model, design or instance. This is an arbitrary value managed by the capability statement author and is not expected to be globally unique. For example, it might be a timestamp (e.g. yyyymmdd) if a managed version is not available. There is also no expectation that versions can be placed in a lexicographical sequence.","There may be different capability statement instances that have the same identifier but different versions.  The version can be appended to the url in a reference to allow a reference to a particular business version of the capability statement with the format [url]|[version]. The version SHOULD NOT contain a '#' - see [Business Version](http://hl7.org/fhir/R5/resource.html#bv-format).","","","","","","","","",,,,,"",,,,"CapabilityStatement.version",0,1,"","ele-1:All FHIR elements must have a @value or children {hasValue() or (children().count() > id.count())}
"
"tk-api-specification-capability","CapabilityStatement.versionAlgorithm[x]","CapabilityStatement.versionAlgorithm[x]","","","",0,1,"","","Y","string {[]} {[]}
Coding {[]} {[]}","How to compare versions","Indicates the mechanism used to compare versions to determine which is more current.","If set as a string, this is a FHIRPath expression that has two additional context variables passed in - %version1 and %version2 and will return a negative number if version1 is newer, a positive number if version2 and a 0 if the version ordering can't be successfully be determined.","","","","","","","","",,"extensible","","http://hl7.org/fhir/ValueSet/version-algorithm|5.0.0","",,,,"CapabilityStatement.versionAlgorithm[x]",0,1,"","ele-1:All FHIR elements must have a @value or children {hasValue() or (children().count() > id.count())}
"
"tk-api-specification-capability","CapabilityStatement.name","CapabilityStatement.name","","","",0,1,"Y","","Y","string {[]} {[]}
","Maskinläsbart namn","A natural language name identifying the capability statement. This name should be usable as an identifier for the module by machine processing applications such as code generation.","The name is not expected to be globally unique. The name should be a simple alphanumeric type name to ensure that it is machine-processing friendly.","Support human navigation and code generation.","","","","","","","",,,,,"",,,,"CapabilityStatement.name",0,1,"cnl-0
","ele-1:All FHIR elements must have a @value or children {hasValue() or (children().count() > id.count())}
"
"tk-api-specification-capability","CapabilityStatement.title","CapabilityStatement.title","","","",1,1,"Y","","Y","string {[]} {[]}
","Människoläsbar titel","A short, descriptive, user-friendly title for the capability statement.","This name does not need to be machine-processing friendly and may contain punctuation, white-space, etc.","","","","","","","","",,,,,"",,,,"CapabilityStatement.title",0,1,"","ele-1:All FHIR elements must have a @value or children {hasValue() or (children().count() > id.count())}
"
"tk-api-specification-capability","CapabilityStatement.status","CapabilityStatement.status","","","",1,1,"Y","Y","Y","code {[]} {[]}
","draft | active | retired | unknown","The status of this capability statement. Enables tracking the life-cycle of the content.","Allows filtering of capability statements that are appropriate for use versus not.This is not intended for use with actual capability statements, but where capability statements are used to describe possible or desired systems.

See guidance around (not) making local changes to elements [here](http://hl7.org/fhir/R5/canonicalresource.html#localization).","","","","","","","","",,"required","The lifecycle status of an artifact.","http://hl7.org/fhir/ValueSet/publication-status|5.0.0","",,,,"CapabilityStatement.status",1,1,"","ele-1:All FHIR elements must have a @value or children {hasValue() or (children().count() > id.count())}
"
"tk-api-specification-capability","CapabilityStatement.experimental","CapabilityStatement.experimental","","","",0,1,"","","Y","boolean {[]} {[]}
","For testing purposes, not real usage","A Boolean value to indicate that this capability statement is authored for testing purposes (or education/evaluation/marketing) and is not intended to be used for genuine usage.","Allows filtering of capability statements that are appropriate for use versus not.","Enables experimental content to be developed following the same lifecycle that would be used for a production-level capability statement.","","If absent, this resource is treated as though it is not experimental.","","","","","",,,,,"",,,,"CapabilityStatement.experimental",0,1,"","ele-1:All FHIR elements must have a @value or children {hasValue() or (children().count() > id.count())}
"
"tk-api-specification-capability","CapabilityStatement.date","CapabilityStatement.date","","Revision Date
","",1,1,"Y","","Y","dateTime {[]} {[]}
","Datum då denna version av specifikationen gavs ut","The date  (and optionally time) when the capability statement was last significantly changed. The date must change when the business version changes and it must change if the status code changes. In addition, it should change when the substantive content of the capability statement changes.","The date is often not tracked until the resource is published, but may be present on draft content. Note that this is not the same as the resource last-modified-date, since the resource may be a secondary representation of the capability statement. Additional specific dates may be added as extensions or be found by consulting Provenances associated with past versions of the resource.

See guidance around (not) making local changes to elements [here](http://hl7.org/fhir/R5/canonicalresource.html#localization).","","","","","","","","",,,,,"",,,,"CapabilityStatement.date",1,1,"","ele-1:All FHIR elements must have a @value or children {hasValue() or (children().count() > id.count())}
"
"tk-api-specification-capability","CapabilityStatement.publisher","CapabilityStatement.publisher","","","",0,1,"","","Y","string {[]} {[]}
","Name of the publisher/steward (organization or individual)","The name of the organization or individual responsible for the release and ongoing maintenance of the capability statement.","Usually an organization but may be an individual. The publisher (or steward) of the capability statement is the organization or individual primarily responsible for the maintenance and upkeep of the capability statement. This is not necessarily the same individual or organization that developed and initially authored the content. The publisher is the primary point of contact for questions or issues with the capability statement. This item SHOULD be populated unless the information is available from context.","Helps establish the ""authority/credibility"" of the capability statement.  May also allow for contact.","","","","","","","",,,,,"",,,,"CapabilityStatement.publisher",0,1,"","ele-1:All FHIR elements must have a @value or children {hasValue() or (children().count() > id.count())}
"
"tk-api-specification-capability","CapabilityStatement.contact","CapabilityStatement.contact","","","",0,*,"","","Y","ContactDetail {[]} {[]}
","Contact details for the publisher","Contact details to assist a user in finding and communicating with the publisher.","May be a web site, an email address, a telephone number, etc.

See guidance around (not) making local changes to elements [here](http://hl7.org/fhir/R5/canonicalresource.html#localization).","","","","","","","","",,,,,"",,,,"CapabilityStatement.contact",0,*,"","ele-1:All FHIR elements must have a @value or children {hasValue() or (children().count() > id.count())}
"
"tk-api-specification-capability","CapabilityStatement.description","CapabilityStatement.description","","","",0,1,"Y","","","markdown {[]} {[]}
","Fritextbeskrivning av specifikationen","A free text natural language description of the capability statement from a consumer's perspective. Typically, this is used when the capability statement describes a desired rather than an actual solution, for example as a formal expression of requirements as part of an RFP.","This description can be used to capture details such as comments about misuse, instructions for clinical use and interpretation, literature references, examples from the paper world, etc. It is not a rendering of the capability statement as conveyed in the 'text' field of the resource itself. This item SHOULD be populated unless the information is available from context (e.g. the language of the capability statement is presumed to be the predominant language in the place the capability statement was created).This does not need to be populated if the description is adequately implied by the software or implementation details.","","","","","","","","",,,,,"",,,,"CapabilityStatement.description",0,1,"cpb-2
","ele-1:All FHIR elements must have a @value or children {hasValue() or (children().count() > id.count())}
"
"tk-api-specification-capability","CapabilityStatement.useContext","CapabilityStatement.useContext","","","",0,*,"","","Y","UsageContext {[]} {[]}
","The context that the content is intended to support","The content was developed with a focus and intent of supporting the contexts that are listed. These contexts may be general categories (gender, age, ...) or may be references to specific programs (insurance plans, studies, ...) and may be used to assist with indexing and searching for appropriate capability statement instances.","When multiple useContexts are specified, there is no expectation that all or any of the contexts apply.","Assist in searching for appropriate content.","","","","","","","",,,,,"",,,,"CapabilityStatement.useContext",0,*,"","ele-1:All FHIR elements must have a @value or children {hasValue() or (children().count() > id.count())}
"
"tk-api-specification-capability","CapabilityStatement.jurisdiction","CapabilityStatement.jurisdiction","","","",0,*,"","","Y","CodeableConcept {[]} {[]}
","Intended jurisdiction for capability statement (if applicable)","A legal or geographic region in which the capability statement is intended to be used.","It may be possible for the capability statement to be used in jurisdictions other than those for which it was originally designed or intended.

DEPRECATION NOTE: For consistency, implementations are encouraged to migrate to using the new 'jurisdiction' code in the useContext element.  (I.e. useContext.code indicating http://terminology.hl7.org/CodeSystem/usage-context-type#jurisdiction and useContext.valueCodeableConcept indicating the jurisdiction.)","","","","","","","","",,"extensible","Countries and regions within which this artifact is targeted for use.","http://hl7.org/fhir/ValueSet/jurisdiction|5.0.0","",,,,"CapabilityStatement.jurisdiction",0,*,"","ele-1:All FHIR elements must have a @value or children {hasValue() or (children().count() > id.count())}
"
"tk-api-specification-capability","CapabilityStatement.purpose","CapabilityStatement.purpose","","","",0,1,"","","","markdown {[]} {[]}
","Why this capability statement is defined","Explanation of why this capability statement is needed and why it has been designed as it has.","This element does not describe the usage of the capability statement. Instead, it provides traceability of ''why'' the resource is either needed or ''why'' it is defined as it is.  This may be used to point to source materials or specifications that drove the structure of this capability statement.","","","","","","","","",,,,,"",,,,"CapabilityStatement.purpose",0,1,"","ele-1:All FHIR elements must have a @value or children {hasValue() or (children().count() > id.count())}
"
"tk-api-specification-capability","CapabilityStatement.copyright","CapabilityStatement.copyright","","License
Restrictions","",0,1,"","","","markdown {[]} {[]}
","Use and/or publishing restrictions","A copyright statement relating to the capability statement and/or its contents. Copyright statements are generally legal restrictions on the use and publishing of the capability statement.","...","Consumers must be able to determine any legal restrictions on the use of the capability statement and/or its content.","","","","","","","",,,,,"",,,,"CapabilityStatement.copyright",0,1,"","ele-1:All FHIR elements must have a @value or children {hasValue() or (children().count() > id.count())}
"
"tk-api-specification-capability","CapabilityStatement.copyrightLabel","CapabilityStatement.copyrightLabel","","","",0,1,"","","","string {[]} {[]}
","Copyright holder and year(s)","A short string (<50 characters), suitable for inclusion in a page footer that identifies the copyright holder, effective period, and optionally whether rights are resctricted. (e.g. 'All rights reserved', 'Some rights reserved').","The (c) symbol should NOT be included in this string. It will be added by software when rendering the notation. Full details about licensing, restrictions, warrantees, etc. goes in the more general 'copyright' element.","Defines the content expected to be rendered in all representations of the artifact.","","","","","","","",,,,,"",,,,"CapabilityStatement.copyrightLabel",0,1,"","ele-1:All FHIR elements must have a @value or children {hasValue() or (children().count() > id.count())}
"
"tk-api-specification-capability","CapabilityStatement.kind","CapabilityStatement.kind","","","",1,1,"","","Y","code {[]} {[]}
","Alltid requirements — detta är en specifikations kravbild, inte en körande instans","The way that this statement is intended to be used, to describe an actual running instance of software, a particular product (kind, not instance of software) or a class of implementation (e.g. a desired purchase).","","Allow searching the 3 modes.","","","","<valueCode xmlns=""http://hl7.org/fhir"" value=""requirements""/>","","","",,"required","How a capability statement is intended to be used.","http://hl7.org/fhir/ValueSet/capability-statement-kind|5.0.0","",,,,"CapabilityStatement.kind",1,1,"cpb-16
cpb-15cpb-3cpb-14","ele-1:All FHIR elements must have a @value or children {hasValue() or (children().count() > id.count())}
"
"tk-api-specification-capability","CapabilityStatement.instantiates","CapabilityStatement.instantiates","","","",0,*,"","","Y","canonical {[]} {[CanonicalType[http://hl7.org/fhir/StructureDefinition/CapabilityStatement|5.0.0]]}
","Canonical URL of another capability statement this implements","Reference to a canonical URL of another CapabilityStatement that this software implements. This capability statement is a published API description that corresponds to a business service. The server may actually implement a subset of the capability statement it claims to implement, so the capability statement must specify the full capability details.","HL7 defines the following Services: [Terminology Service](http://hl7.org/fhir/R5/terminology-service.html).    

Many [Implementation Guides](http://fhir.org/guides/registry) define additional services.","","","","","","","","",,,,,"",,,,"CapabilityStatement.instantiates",0,*,"","ele-1:All FHIR elements must have a @value or children {hasValue() or (children().count() > id.count())}
"
"tk-api-specification-capability","CapabilityStatement.imports","CapabilityStatement.imports","","","",0,*,"","","Y","canonical {[]} {[CanonicalType[http://hl7.org/fhir/StructureDefinition/CapabilityStatement|5.0.0]]}
","Canonical URL of another capability statement this adds to","Reference to a canonical URL of another CapabilityStatement that this software adds to. The capability statement automatically includes everything in the other statement, and it is not duplicated, though the server may repeat the same resources, interactions and operations to add additional details to them.","the contents of any directly or indirectly imported CapabilityStatements SHALL NOT overlap, i.e. they cannot refer to the same rest/resource, operations/name, searchparam/name, interaction/code, messaging/endpoint, document/mode pair.

A capability statement that imports another CapabilityStatement automatically instantiates it too (though this is often not a very useful statement for the kinds of CapabilityStatements that are suitable for importing).","","","","","","","","",,,,,"",,,,"CapabilityStatement.imports",0,*,"","ele-1:All FHIR elements must have a @value or children {hasValue() or (children().count() > id.count())}
"
"tk-api-specification-capability","CapabilityStatement.software","CapabilityStatement.software","","","",0,1,"","","Y","BackboneElement {[]} {[]}
","Software that is covered by this capability statement","Software that is covered by this capability statement.  It is used when the capability statement describes the capabilities of a particular software version, independent of an installation.","","","","","","","","","",,,,,"",,,,"CapabilityStatement.software",0,1,"cpb-16
cpb-15cpb-2","ele-1:All FHIR elements must have a @value or children {hasValue() or (children().count() > id.count())}
"
"tk-api-specification-capability","CapabilityStatement.software.id","CapabilityStatement.software.id","","","",0,1,"","","","string {[]} {[]}
","Unique id for inter-element referencing","Unique id for the element within a resource (for internal references). This may be any string value that does not contain spaces.","","","","","","","","","",,,,,"",,,,"Element.id",0,1,"ele-1
",""
"tk-api-specification-capability","CapabilityStatement.software.extension","CapabilityStatement.software.extension","","extensions
user content","",0,*,"","","","Extension {[]} {[]}
","Additional content defined by implementations","May be used to represent additional information that is not part of the basic definition of the element. To make the use of extensions safe and managable, there is a strict set of governance applied to the definition and use of extensions. Though any implementer can define an extension, there is a set of requirements that SHALL be met as part of the definition of the extension.","There can be no stigma associated with the use of extensions by any application, project, or standard - regardless of the institution or jurisdiction that uses or defines the extensions.  The use of extensions is what allows the FHIR specification to retain a core level of simplicity for everyone.","","","","","","","","",,,,,"",,,,"Element.extension",0,*,"","ele-1:All FHIR elements must have a @value or children {hasValue() or (children().count() > id.count())}
ext-1:Must have either extensions or value[x], not both {extension.exists() != value.exists()}"
"tk-api-specification-capability","CapabilityStatement.software.modifierExtension","CapabilityStatement.software.modifierExtension","","extensions
user contentmodifiers","",0,*,"","Y","Y","Extension {[]} {[]}
","Extensions that cannot be ignored even if unrecognized","May be used to represent additional information that is not part of the basic definition of the element and that modifies the understanding of the element in which it is contained and/or the understanding of the containing element's descendants. Usually modifier elements provide negation or qualification. To make the use of extensions safe and managable, there is a strict set of governance applied to the definition and use of extensions. Though any implementer can define an extension, there is a set of requirements that SHALL be met as part of the definition of the extension. Applications processing a resource are required to check for modifier extensions.

Modifier extensions SHALL NOT change the meaning of any elements on Resource or DomainResource (including cannot change the meaning of modifierExtension itself).","There can be no stigma associated with the use of extensions by any application, project, or standard - regardless of the institution or jurisdiction that uses or defines the extensions.  The use of extensions is what allows the FHIR specification to retain a core level of simplicity for everyone.","Modifier extensions allow for extensions that *cannot* be safely ignored to be clearly distinguished from the vast majority of extensions which can be safely ignored.  This promotes interoperability by eliminating the need for implementers to prohibit the presence of extensions. For further information, see the [definition of modifier extensions](http://hl7.org/fhir/R5/extensibility.html#modifierExtension).","","","","","","","",,,,,"",,,,"BackboneElement.modifierExtension",0,*,"","ele-1:All FHIR elements must have a @value or children {hasValue() or (children().count() > id.count())}
ext-1:Must have either extensions or value[x], not both {extension.exists() != value.exists()}"
"tk-api-specification-capability","CapabilityStatement.software.name","CapabilityStatement.software.name","","","",1,1,"","","Y","string {[]} {[]}
","A name the software is known by","Name the software is known by.","","","","","","","","","",,,,,"",,,,"CapabilityStatement.software.name",1,1,"","ele-1:All FHIR elements must have a @value or children {hasValue() or (children().count() > id.count())}
"
"tk-api-specification-capability","CapabilityStatement.software.version","CapabilityStatement.software.version","","","",0,1,"","","Y","string {[]} {[]}
","Version covered by this statement","The version identifier for the software covered by this statement.","If possible, a version should be specified, as statements are likely to be different for different versions of software.","","","","","","","","",,,,,"",,,,"CapabilityStatement.software.version",0,1,"","ele-1:All FHIR elements must have a @value or children {hasValue() or (children().count() > id.count())}
"
"tk-api-specification-capability","CapabilityStatement.software.releaseDate","CapabilityStatement.software.releaseDate","","","",0,1,"","","Y","dateTime {[]} {[]}
","Date this version was released","Date this version of the software was released.","","","","","","","","","",,,,,"",,,,"CapabilityStatement.software.releaseDate",0,1,"","ele-1:All FHIR elements must have a @value or children {hasValue() or (children().count() > id.count())}
"
"tk-api-specification-capability","CapabilityStatement.implementation","CapabilityStatement.implementation","","","",0,1,"","","Y","BackboneElement {[]} {[]}
","If this describes a specific instance","Identifies a specific implementation instance that is described by the capability statement - i.e. a particular installation, rather than the capabilities of a software program.","","","","","","","","","",,,,,"",,,,"CapabilityStatement.implementation",0,1,"cpb-16
cpb-15cpb-14cpb-2","ele-1:All FHIR elements must have a @value or children {hasValue() or (children().count() > id.count())}
"
"tk-api-specification-capability","CapabilityStatement.implementation.id","CapabilityStatement.implementation.id","","","",0,1,"","","","string {[]} {[]}
","Unique id for inter-element referencing","Unique id for the element within a resource (for internal references). This may be any string value that does not contain spaces.","","","","","","","","","",,,,,"",,,,"Element.id",0,1,"ele-1
",""
"tk-api-specification-capability","CapabilityStatement.implementation.extension","CapabilityStatement.implementation.extension","","extensions
user content","",0,*,"","","","Extension {[]} {[]}
","Additional content defined by implementations","May be used to represent additional information that is not part of the basic definition of the element. To make the use of extensions safe and managable, there is a strict set of governance applied to the definition and use of extensions. Though any implementer can define an extension, there is a set of requirements that SHALL be met as part of the definition of the extension.","There can be no stigma associated with the use of extensions by any application, project, or standard - regardless of the institution or jurisdiction that uses or defines the extensions.  The use of extensions is what allows the FHIR specification to retain a core level of simplicity for everyone.","","","","","","","","",,,,,"",,,,"Element.extension",0,*,"","ele-1:All FHIR elements must have a @value or children {hasValue() or (children().count() > id.count())}
ext-1:Must have either extensions or value[x], not both {extension.exists() != value.exists()}"
"tk-api-specification-capability","CapabilityStatement.implementation.modifierExtension","CapabilityStatement.implementation.modifierExtension","","extensions
user contentmodifiers","",0,*,"","Y","Y","Extension {[]} {[]}
","Extensions that cannot be ignored even if unrecognized","May be used to represent additional information that is not part of the basic definition of the element and that modifies the understanding of the element in which it is contained and/or the understanding of the containing element's descendants. Usually modifier elements provide negation or qualification. To make the use of extensions safe and managable, there is a strict set of governance applied to the definition and use of extensions. Though any implementer can define an extension, there is a set of requirements that SHALL be met as part of the definition of the extension. Applications processing a resource are required to check for modifier extensions.

Modifier extensions SHALL NOT change the meaning of any elements on Resource or DomainResource (including cannot change the meaning of modifierExtension itself).","There can be no stigma associated with the use of extensions by any application, project, or standard - regardless of the institution or jurisdiction that uses or defines the extensions.  The use of extensions is what allows the FHIR specification to retain a core level of simplicity for everyone.","Modifier extensions allow for extensions that *cannot* be safely ignored to be clearly distinguished from the vast majority of extensions which can be safely ignored.  This promotes interoperability by eliminating the need for implementers to prohibit the presence of extensions. For further information, see the [definition of modifier extensions](http://hl7.org/fhir/R5/extensibility.html#modifierExtension).","","","","","","","",,,,,"",,,,"BackboneElement.modifierExtension",0,*,"","ele-1:All FHIR elements must have a @value or children {hasValue() or (children().count() > id.count())}
ext-1:Must have either extensions or value[x], not both {extension.exists() != value.exists()}"
"tk-api-specification-capability","CapabilityStatement.implementation.description","CapabilityStatement.implementation.description","","","",1,1,"","","Y","markdown {[]} {[]}
","Describes this specific instance","Information about the specific installation that this capability statement relates to.","","","","","","","","","",,,,,"",,,,"CapabilityStatement.implementation.description",1,1,"","ele-1:All FHIR elements must have a @value or children {hasValue() or (children().count() > id.count())}
"
"tk-api-specification-capability","CapabilityStatement.implementation.url","CapabilityStatement.implementation.url","","","",0,1,"","","Y","url {[]} {[]}
","Base URL for the installation","An absolute base URL for the implementation.  This forms the base for REST interfaces as well as the mailbox and document interfaces.","","","","","","","","","",,,,,"",,,,"CapabilityStatement.implementation.url",0,1,"","ele-1:All FHIR elements must have a @value or children {hasValue() or (children().count() > id.count())}
"
"tk-api-specification-capability","CapabilityStatement.implementation.custodian","CapabilityStatement.implementation.custodian","","","",0,1,"","","Y","Reference {[]} {[CanonicalType[http://hl7.org/fhir/StructureDefinition/Organization|5.0.0]]}
","Organization that manages the data","The organization responsible for the management of the instance and oversight of the data on the server at the specified URL.","","","","","","","","","",,,,,"",,,,"CapabilityStatement.implementation.custodian",0,1,"","ele-1:All FHIR elements must have a @value or children {hasValue() or (children().count() > id.count())}
"
"tk-api-specification-capability","CapabilityStatement.fhirVersion","CapabilityStatement.fhirVersion","","","",1,1,"","","Y","code {[]} {[]}
","FHIR Version the system supports","The version of the FHIR specification that this CapabilityStatement describes (which SHALL be the same as the FHIR version of the CapabilityStatement itself). There is no default value.","Servers may implement multiple versions (see [Managing Multiple Versions](http://hl7.org/fhir/R5/versioning.html), and the [$versions](http://hl7.org/fhir/R5/capabilitystatement-operation-versions.html) operation). If they do, and the CapabilityStatement is requested from the server, then this fhirVersion will be either the version requested, or the server's default version.","","","","","","","","",,"required","All published FHIR Versions.","http://hl7.org/fhir/ValueSet/FHIR-version|5.0.0","",,,,"CapabilityStatement.fhirVersion",1,1,"","ele-1:All FHIR elements must have a @value or children {hasValue() or (children().count() > id.count())}
"
"tk-api-specification-capability","CapabilityStatement.format","CapabilityStatement.format","","","",1,*,"","","Y","code {[]} {[]}
","formats supported (xml | json | ttl | mime type)","A list of the formats supported by this implementation using their content types.","""xml"", ""json"" and ""ttl"" are allowed, which describe the simple encodings described in the specification (and imply appropriate bundle support). Otherwise, mime types are legal here.","","","","","","","","",,"required","The mime type of an attachment. Any valid mime type is allowed.","http://hl7.org/fhir/ValueSet/mimetypes|5.0.0","",,,,"CapabilityStatement.format",1,*,"","ele-1:All FHIR elements must have a @value or children {hasValue() or (children().count() > id.count())}
"
"tk-api-specification-capability","CapabilityStatement.patchFormat","CapabilityStatement.patchFormat","","","",0,*,"","","Y","code {[]} {[]}
","Patch formats supported","A list of the patch formats supported by this implementation using their content types.","At present, the patch mime types application/json-patch+json and application/xml-patch+xml are legal. Generally, if a server supports PATCH, it would be expected to support the patch formats and match the formats it supports, but this is not always possible or necessary.","","","","","","","","",,"required","BCP 13 (RFCs 2045, 2046, 2047, 4288, 4289 and 2049)","http://hl7.org/fhir/ValueSet/mimetypes|5.0.0","",,,,"CapabilityStatement.patchFormat",0,*,"","ele-1:All FHIR elements must have a @value or children {hasValue() or (children().count() > id.count())}
"
"tk-api-specification-capability","CapabilityStatement.acceptLanguage","CapabilityStatement.acceptLanguage","","","",0,*,"","","Y","code {[]} {[]}
","Languages supported","A list of the languages supported by this implementation that are usefully supported in the ```Accept-Language``` header.","In general, if a server gets a request with an Accept-Language that it doesn't support, it should still reutrn the resource, just in its default language for the resource.","","","","","","","","",,"required","IETF language tag for a human language","http://hl7.org/fhir/ValueSet/all-languages|5.0.0","",,,,"CapabilityStatement.acceptLanguage",0,*,"","ele-1:All FHIR elements must have a @value or children {hasValue() or (children().count() > id.count())}
"
"tk-api-specification-capability","CapabilityStatement.implementationGuide","CapabilityStatement.implementationGuide","","","",0,*,"","","Y","canonical {[]} {[CanonicalType[http://hl7.org/fhir/StructureDefinition/ImplementationGuide|5.0.0]]}
","Implementation guides supported","A list of implementation guides that the server does (or should) support in their entirety.","Note: this is primarily only relevant in terms of ImplementationGuides that don't define specific CapabilityStatements declaring the expectation of distinct roles.  (E.g. generic IGs that establish privacy policies.)  In situations where an ImplementationGuide does define CapabilityStatements, asserting CapabilityStatement.implementationGuide means that the implementation adheres to any Implementation.global definitions present in that IG as well as any textual requirements around security or other general interoperability behaviors. However, it does not make any assertions as to conformance with any of the CapabilityStatements defined in the IG. To assert conformance with CapabilityStatements in a referenced IG, it is necessary to use the CapabilityStatement.instantiates element.","","","","","","","","",,,,,"",,,,"CapabilityStatement.implementationGuide",0,*,"","ele-1:All FHIR elements must have a @value or children {hasValue() or (children().count() > id.count())}
"
"tk-api-specification-capability","CapabilityStatement.rest","CapabilityStatement.rest","","","",1,1,"Y","","Y","BackboneElement {[]} {[]}
","If the endpoint is a RESTful one","A definition of the restful capabilities of the solution, if any.","Multiple repetitions allow definition of both client and/or server behaviors or possibly behaviors under different configuration settings (for software or requirements statements).","","","","","","","","",,,,,"",,,,"CapabilityStatement.rest",0,*,"cpb-4
cpb-1","cpb-9:A given resource can only be described once per RESTful mode. {resource.select(type).isDistinct()}
ele-1:All FHIR elements must have a @value or children {hasValue() or (children().count() > id.count())}"
"tk-api-specification-capability","CapabilityStatement.rest.id","CapabilityStatement.rest.id","","","",0,1,"","","","string {[]} {[]}
","Unique id for inter-element referencing","Unique id for the element within a resource (for internal references). This may be any string value that does not contain spaces.","","","","","","","","","",,,,,"",,,,"Element.id",0,1,"ele-1
",""
"tk-api-specification-capability","CapabilityStatement.rest.extension","CapabilityStatement.rest.extension","","extensions
user content","",0,*,"","","","Extension {[]} {[]}
","Additional content defined by implementations","May be used to represent additional information that is not part of the basic definition of the element. To make the use of extensions safe and managable, there is a strict set of governance applied to the definition and use of extensions. Though any implementer can define an extension, there is a set of requirements that SHALL be met as part of the definition of the extension.","There can be no stigma associated with the use of extensions by any application, project, or standard - regardless of the institution or jurisdiction that uses or defines the extensions.  The use of extensions is what allows the FHIR specification to retain a core level of simplicity for everyone.","","","","","","","","",,,,,"",,,,"Element.extension",0,*,"","ele-1:All FHIR elements must have a @value or children {hasValue() or (children().count() > id.count())}
ext-1:Must have either extensions or value[x], not both {extension.exists() != value.exists()}"
"tk-api-specification-capability","CapabilityStatement.rest.modifierExtension","CapabilityStatement.rest.modifierExtension","","extensions
user contentmodifiers","",0,*,"","Y","Y","Extension {[]} {[]}
","Extensions that cannot be ignored even if unrecognized","May be used to represent additional information that is not part of the basic definition of the element and that modifies the understanding of the element in which it is contained and/or the understanding of the containing element's descendants. Usually modifier elements provide negation or qualification. To make the use of extensions safe and managable, there is a strict set of governance applied to the definition and use of extensions. Though any implementer can define an extension, there is a set of requirements that SHALL be met as part of the definition of the extension. Applications processing a resource are required to check for modifier extensions.

Modifier extensions SHALL NOT change the meaning of any elements on Resource or DomainResource (including cannot change the meaning of modifierExtension itself).","There can be no stigma associated with the use of extensions by any application, project, or standard - regardless of the institution or jurisdiction that uses or defines the extensions.  The use of extensions is what allows the FHIR specification to retain a core level of simplicity for everyone.","Modifier extensions allow for extensions that *cannot* be safely ignored to be clearly distinguished from the vast majority of extensions which can be safely ignored.  This promotes interoperability by eliminating the need for implementers to prohibit the presence of extensions. For further information, see the [definition of modifier extensions](http://hl7.org/fhir/R5/extensibility.html#modifierExtension).","","","","","","","",,,,,"",,,,"BackboneElement.modifierExtension",0,*,"","ele-1:All FHIR elements must have a @value or children {hasValue() or (children().count() > id.count())}
ext-1:Must have either extensions or value[x], not both {extension.exists() != value.exists()}"
"tk-api-specification-capability","CapabilityStatement.rest.mode","CapabilityStatement.rest.mode","","","",1,1,"","","Y","code {[]} {[]}
","client | server","Identifies whether this portion of the statement is describing the ability to initiate or receive restful operations.","","","","","","<valueCode xmlns=""http://hl7.org/fhir"" value=""server""/>","","","",,"required","The mode of a RESTful capability statement.","http://hl7.org/fhir/ValueSet/restful-capability-mode|5.0.0","",,,,"CapabilityStatement.rest.mode",1,1,"cpb-4
","ele-1:All FHIR elements must have a @value or children {hasValue() or (children().count() > id.count())}
"
"tk-api-specification-capability","CapabilityStatement.rest.documentation","CapabilityStatement.rest.documentation","","","",0,1,"Y","","","markdown {[]} {[]}
","Fritext, t.ex. hänvisning till specifikationens egen IG/dokumentation för fullständiga REST-förmågor","Information about the system's restful capabilities that apply across all applications, such as security.","","","","","","","","","",,,,,"",,,,"CapabilityStatement.rest.documentation",0,1,"","ele-1:All FHIR elements must have a @value or children {hasValue() or (children().count() > id.count())}
"
"tk-api-specification-capability","CapabilityStatement.rest.security","CapabilityStatement.rest.security","","","",0,1,"","","Y","BackboneElement {[]} {[]}
","Information about security of implementation","Information about security implementation from an interface perspective - what a client needs to know.","","","","","","","","","",,,,,"",,,,"CapabilityStatement.rest.security",0,1,"","ele-1:All FHIR elements must have a @value or children {hasValue() or (children().count() > id.count())}
"
"tk-api-specification-capability","CapabilityStatement.rest.security.id","CapabilityStatement.rest.security.id","","","",0,1,"","","","string {[]} {[]}
","Unique id for inter-element referencing","Unique id for the element within a resource (for internal references). This may be any string value that does not contain spaces.","","","","","","","","","",,,,,"",,,,"Element.id",0,1,"ele-1
",""
"tk-api-specification-capability","CapabilityStatement.rest.security.extension","CapabilityStatement.rest.security.extension","","extensions
user content","",0,*,"","","","Extension {[]} {[]}
","Additional content defined by implementations","May be used to represent additional information that is not part of the basic definition of the element. To make the use of extensions safe and managable, there is a strict set of governance applied to the definition and use of extensions. Though any implementer can define an extension, there is a set of requirements that SHALL be met as part of the definition of the extension.","There can be no stigma associated with the use of extensions by any application, project, or standard - regardless of the institution or jurisdiction that uses or defines the extensions.  The use of extensions is what allows the FHIR specification to retain a core level of simplicity for everyone.","","","","","","","","",,,,,"",,,,"Element.extension",0,*,"","ele-1:All FHIR elements must have a @value or children {hasValue() or (children().count() > id.count())}
ext-1:Must have either extensions or value[x], not both {extension.exists() != value.exists()}"
"tk-api-specification-capability","CapabilityStatement.rest.security.modifierExtension","CapabilityStatement.rest.security.modifierExtension","","extensions
user contentmodifiers","",0,*,"","Y","Y","Extension {[]} {[]}
","Extensions that cannot be ignored even if unrecognized","May be used to represent additional information that is not part of the basic definition of the element and that modifies the understanding of the element in which it is contained and/or the understanding of the containing element's descendants. Usually modifier elements provide negation or qualification. To make the use of extensions safe and managable, there is a strict set of governance applied to the definition and use of extensions. Though any implementer can define an extension, there is a set of requirements that SHALL be met as part of the definition of the extension. Applications processing a resource are required to check for modifier extensions.

Modifier extensions SHALL NOT change the meaning of any elements on Resource or DomainResource (including cannot change the meaning of modifierExtension itself).","There can be no stigma associated with the use of extensions by any application, project, or standard - regardless of the institution or jurisdiction that uses or defines the extensions.  The use of extensions is what allows the FHIR specification to retain a core level of simplicity for everyone.","Modifier extensions allow for extensions that *cannot* be safely ignored to be clearly distinguished from the vast majority of extensions which can be safely ignored.  This promotes interoperability by eliminating the need for implementers to prohibit the presence of extensions. For further information, see the [definition of modifier extensions](http://hl7.org/fhir/R5/extensibility.html#modifierExtension).","","","","","","","",,,,,"",,,,"BackboneElement.modifierExtension",0,*,"","ele-1:All FHIR elements must have a @value or children {hasValue() or (children().count() > id.count())}
ext-1:Must have either extensions or value[x], not both {extension.exists() != value.exists()}"
"tk-api-specification-capability","CapabilityStatement.rest.security.cors","CapabilityStatement.rest.security.cors","","","",0,1,"","","Y","boolean {[]} {[]}
","Adds CORS Headers (http://enable-cors.org/)","Server adds CORS headers when responding to requests - this enables Javascript applications to use the server.","The easiest CORS headers to add are Access-Control-Allow-Origin: * & Access-Control-Request-Method: GET, POST, PUT, DELETE. All servers SHOULD support CORS.","","","","","","","","",,,,,"",,,,"CapabilityStatement.rest.security.cors",0,1,"","ele-1:All FHIR elements must have a @value or children {hasValue() or (children().count() > id.count())}
"
"tk-api-specification-capability","CapabilityStatement.rest.security.service","CapabilityStatement.rest.security.service","","","",0,*,"","","Y","CodeableConcept {[]} {[]}
","OAuth | SMART-on-FHIR | NTLM | Basic | Kerberos | Certificates","Types of security services that are supported/required by the system.","","","","","","","","","",,"extensible","Types of security services used with FHIR.","http://hl7.org/fhir/ValueSet/restful-security-service|5.0.0","",,,,"CapabilityStatement.rest.security.service",0,*,"","ele-1:All FHIR elements must have a @value or children {hasValue() or (children().count() > id.count())}
"
"tk-api-specification-capability","CapabilityStatement.rest.security.description","CapabilityStatement.rest.security.description","","","",0,1,"","","","markdown {[]} {[]}
","General description of how security works","General description of how security works.","","","","","","","","","",,,,,"",,,,"CapabilityStatement.rest.security.description",0,1,"","ele-1:All FHIR elements must have a @value or children {hasValue() or (children().count() > id.count())}
"
"tk-api-specification-capability","CapabilityStatement.rest.resource","CapabilityStatement.rest.resource","","","",0,*,"","","Y","BackboneElement {[]} {[]}
","Resource served on the REST interface","A specification of the restful capabilities of the solution for a specific resource type.","Max of one repetition per resource type.","","","","","","","","",,,,,"",,,,"CapabilityStatement.rest.resource",0,*,"cpb-9
","cpb-12:Search parameter names must be unique in the context of a resource. {searchParam.select(name).isDistinct()}
ele-1:All FHIR elements must have a @value or children {hasValue() or (children().count() > id.count())}"
"tk-api-specification-capability","CapabilityStatement.rest.resource.id","CapabilityStatement.rest.resource.id","","","",0,1,"","","","string {[]} {[]}
","Unique id for inter-element referencing","Unique id for the element within a resource (for internal references). This may be any string value that does not contain spaces.","","","","","","","","","",,,,,"",,,,"Element.id",0,1,"ele-1
",""
"tk-api-specification-capability","CapabilityStatement.rest.resource.extension","CapabilityStatement.rest.resource.extension","","extensions
user content","",0,*,"","","","Extension {[]} {[]}
","Additional content defined by implementations","May be used to represent additional information that is not part of the basic definition of the element. To make the use of extensions safe and managable, there is a strict set of governance applied to the definition and use of extensions. Though any implementer can define an extension, there is a set of requirements that SHALL be met as part of the definition of the extension.","There can be no stigma associated with the use of extensions by any application, project, or standard - regardless of the institution or jurisdiction that uses or defines the extensions.  The use of extensions is what allows the FHIR specification to retain a core level of simplicity for everyone.","","","","","","","","",,,,,"",,,,"Element.extension",0,*,"","ele-1:All FHIR elements must have a @value or children {hasValue() or (children().count() > id.count())}
ext-1:Must have either extensions or value[x], not both {extension.exists() != value.exists()}"
"tk-api-specification-capability","CapabilityStatement.rest.resource.modifierExtension","CapabilityStatement.rest.resource.modifierExtension","","extensions
user contentmodifiers","",0,*,"","Y","Y","Extension {[]} {[]}
","Extensions that cannot be ignored even if unrecognized","May be used to represent additional information that is not part of the basic definition of the element and that modifies the understanding of the element in which it is contained and/or the understanding of the containing element's descendants. Usually modifier elements provide negation or qualification. To make the use of extensions safe and managable, there is a strict set of governance applied to the definition and use of extensions. Though any implementer can define an extension, there is a set of requirements that SHALL be met as part of the definition of the extension. Applications processing a resource are required to check for modifier extensions.

Modifier extensions SHALL NOT change the meaning of any elements on Resource or DomainResource (including cannot change the meaning of modifierExtension itself).","There can be no stigma associated with the use of extensions by any application, project, or standard - regardless of the institution or jurisdiction that uses or defines the extensions.  The use of extensions is what allows the FHIR specification to retain a core level of simplicity for everyone.","Modifier extensions allow for extensions that *cannot* be safely ignored to be clearly distinguished from the vast majority of extensions which can be safely ignored.  This promotes interoperability by eliminating the need for implementers to prohibit the presence of extensions. For further information, see the [definition of modifier extensions](http://hl7.org/fhir/R5/extensibility.html#modifierExtension).","","","","","","","",,,,,"",,,,"BackboneElement.modifierExtension",0,*,"","ele-1:All FHIR elements must have a @value or children {hasValue() or (children().count() > id.count())}
ext-1:Must have either extensions or value[x], not both {extension.exists() != value.exists()}"
"tk-api-specification-capability","CapabilityStatement.rest.resource.type","CapabilityStatement.rest.resource.type","","","",1,1,"","","Y","code {[]} {[]}
","A resource type that is supported","A type of resource exposed via the restful interface.","","","","","","","","","",,"required","One of the resource types defined as part of this version of FHIR.","http://hl7.org/fhir/ValueSet/resource-types|5.0.0","",,,,"CapabilityStatement.rest.resource.type",1,1,"cpb-9
","ele-1:All FHIR elements must have a @value or children {hasValue() or (children().count() > id.count())}
"
"tk-api-specification-capability","CapabilityStatement.rest.resource.profile","CapabilityStatement.rest.resource.profile","","","",0,1,"","","Y","canonical {[]} {[CanonicalType[http://hl7.org/fhir/StructureDefinition/StructureDefinition|5.0.0]]}
","System-wide profile","A system-wide profile that is applied across *all* instances of the resource supported by the system. For example, if declared on Observation, this profile is the ""superset"" of capabilities for laboratory *and* vitals *and* other domains. See further discussion in [Using Profiles](http://hl7.org/fhir/R5/profiling.html#profile-uses).","All other profiles for this type that are listed in `.rest.resource.supportedProfile` must conform to this profile.","","","","","","","","",,,,,"",,,,"CapabilityStatement.rest.resource.profile",0,1,"","ele-1:All FHIR elements must have a @value or children {hasValue() or (children().count() > id.count())}
"
"tk-api-specification-capability","CapabilityStatement.rest.resource.supportedProfile","CapabilityStatement.rest.resource.supportedProfile","","","",0,*,"","","Y","canonical {[]} {[CanonicalType[http://hl7.org/fhir/StructureDefinition/StructureDefinition|5.0.0]]}
","Use-case specific profiles","A list of profiles representing different use cases the system hosts/produces. A supported profile is a statement about the functionality of the data and services provided by the server (or the client) for supported use cases. For example, a system can define and declare multiple Observation profiles for laboratory observations, vital sign observations, etc. By declaring supported profiles, systems provide a way to determine whether individual resources are conformant. See further discussion in [Using Profiles](http://hl7.org/fhir/R5/profiling.html#profile-uses).","Supported profiles must conform to the resource profile in the `.rest.resource.profile` element if it is present. The resource profile is a system-wide profile applied across *all* instances of the resource supported by the system. A supported profile is a statement about the functionality of the data and services provided by the server (or used by the client) for a particular set of use cases and will not necessarily apply to all data consumed or exposed by the server.","","","","","","","","",,,,,"",,,,"CapabilityStatement.rest.resource.supportedProfile",0,*,"","ele-1:All FHIR elements must have a @value or children {hasValue() or (children().count() > id.count())}
"
"tk-api-specification-capability","CapabilityStatement.rest.resource.documentation","CapabilityStatement.rest.resource.documentation","","","",0,1,"","","","markdown {[]} {[]}
","Additional information about the use of the resource type","Additional information about the resource type used by the system.","","","","","","","","","",,,,,"",,,,"CapabilityStatement.rest.resource.documentation",0,1,"","ele-1:All FHIR elements must have a @value or children {hasValue() or (children().count() > id.count())}
"
"tk-api-specification-capability","CapabilityStatement.rest.resource.interaction","CapabilityStatement.rest.resource.interaction","","","",0,*,"","","","BackboneElement {[]} {[]}
","What operations are supported?","Identifies a restful operation supported by the solution.","In general, a Resource will only appear in a CapabilityStatement if the server actually has some capabilities - e.g. there is at least one interaction supported. However interactions can be omitted to support summarization (_summary = true).","","","","","","","","",,,,,"",,,,"CapabilityStatement.rest.resource.interaction",0,*,"","ele-1:All FHIR elements must have a @value or children {hasValue() or (children().count() > id.count())}
"
"tk-api-specification-capability","CapabilityStatement.rest.resource.interaction.id","CapabilityStatement.rest.resource.interaction.id","","","",0,1,"","","","string {[]} {[]}
","Unique id for inter-element referencing","Unique id for the element within a resource (for internal references). This may be any string value that does not contain spaces.","","","","","","","","","",,,,,"",,,,"Element.id",0,1,"ele-1
",""
"tk-api-specification-capability","CapabilityStatement.rest.resource.interaction.extension","CapabilityStatement.rest.resource.interaction.extension","","extensions
user content","",0,*,"","","","Extension {[]} {[]}
","Additional content defined by implementations","May be used to represent additional information that is not part of the basic definition of the element. To make the use of extensions safe and managable, there is a strict set of governance applied to the definition and use of extensions. Though any implementer can define an extension, there is a set of requirements that SHALL be met as part of the definition of the extension.","There can be no stigma associated with the use of extensions by any application, project, or standard - regardless of the institution or jurisdiction that uses or defines the extensions.  The use of extensions is what allows the FHIR specification to retain a core level of simplicity for everyone.","","","","","","","","",,,,,"",,,,"Element.extension",0,*,"","ele-1:All FHIR elements must have a @value or children {hasValue() or (children().count() > id.count())}
ext-1:Must have either extensions or value[x], not both {extension.exists() != value.exists()}"
"tk-api-specification-capability","CapabilityStatement.rest.resource.interaction.modifierExtension","CapabilityStatement.rest.resource.interaction.modifierExtension","","extensions
user contentmodifiers","",0,*,"","Y","Y","Extension {[]} {[]}
","Extensions that cannot be ignored even if unrecognized","May be used to represent additional information that is not part of the basic definition of the element and that modifies the understanding of the element in which it is contained and/or the understanding of the containing element's descendants. Usually modifier elements provide negation or qualification. To make the use of extensions safe and managable, there is a strict set of governance applied to the definition and use of extensions. Though any implementer can define an extension, there is a set of requirements that SHALL be met as part of the definition of the extension. Applications processing a resource are required to check for modifier extensions.

Modifier extensions SHALL NOT change the meaning of any elements on Resource or DomainResource (including cannot change the meaning of modifierExtension itself).","There can be no stigma associated with the use of extensions by any application, project, or standard - regardless of the institution or jurisdiction that uses or defines the extensions.  The use of extensions is what allows the FHIR specification to retain a core level of simplicity for everyone.","Modifier extensions allow for extensions that *cannot* be safely ignored to be clearly distinguished from the vast majority of extensions which can be safely ignored.  This promotes interoperability by eliminating the need for implementers to prohibit the presence of extensions. For further information, see the [definition of modifier extensions](http://hl7.org/fhir/R5/extensibility.html#modifierExtension).","","","","","","","",,,,,"",,,,"BackboneElement.modifierExtension",0,*,"","ele-1:All FHIR elements must have a @value or children {hasValue() or (children().count() > id.count())}
ext-1:Must have either extensions or value[x], not both {extension.exists() != value.exists()}"
"tk-api-specification-capability","CapabilityStatement.rest.resource.interaction.code","CapabilityStatement.rest.resource.interaction.code","","","",1,1,"","","","code {[]} {[]}
","read | vread | update | patch | delete | history-instance | history-type | create | search-type","Coded identifier of the operation, supported by the system resource.","","","","","","","","","",,"required","Operations supported by REST at the type or instance level.","http://hl7.org/fhir/ValueSet/type-restful-interaction|5.0.0","",,,,"CapabilityStatement.rest.resource.interaction.code",1,1,"","ele-1:All FHIR elements must have a @value or children {hasValue() or (children().count() > id.count())}
"
"tk-api-specification-capability","CapabilityStatement.rest.resource.interaction.documentation","CapabilityStatement.rest.resource.interaction.documentation","","","",0,1,"","","","markdown {[]} {[]}
","Anything special about operation behavior","Guidance specific to the implementation of this operation, such as 'delete is a logical delete' or 'updates are only allowed with version id' or 'creates permitted from pre-authorized certificates only'.","","REST allows a degree of variability in the implementation of RESTful solutions that is useful for exchange partners to be aware of.","","","","","","","",,,,,"",,,,"CapabilityStatement.rest.resource.interaction.documentation",0,1,"","ele-1:All FHIR elements must have a @value or children {hasValue() or (children().count() > id.count())}
"
"tk-api-specification-capability","CapabilityStatement.rest.resource.versioning","CapabilityStatement.rest.resource.versioning","","","",0,1,"","","","code {[]} {[]}
","no-version | versioned | versioned-update","This field is set to no-version to specify that the system does not support (server) or use (client) versioning for this resource type. If this has some other value, the server must at least correctly track and populate the versionId meta-property on resources. If the value is 'versioned-update', then the server supports all the versioning features, including using e-tags for version integrity in the API.","If a server supports versionIds correctly, it SHOULD support vread too, but is not required to do so.","","","","","","","","",,"required","How the system supports versioning for a resource.","http://hl7.org/fhir/ValueSet/versioning-policy|5.0.0","",,,,"CapabilityStatement.rest.resource.versioning",0,1,"","ele-1:All FHIR elements must have a @value or children {hasValue() or (children().count() > id.count())}
"
"tk-api-specification-capability","CapabilityStatement.rest.resource.readHistory","CapabilityStatement.rest.resource.readHistory","","","",0,1,"","","","boolean {[]} {[]}
","Whether vRead can return past versions","A flag for whether the server is able to return past versions as part of the vRead operation.","It is useful to support the vRead operation for current operations, even if past versions aren't available.","","","","","","","","",,,,,"",,,,"CapabilityStatement.rest.resource.readHistory",0,1,"","ele-1:All FHIR elements must have a @value or children {hasValue() or (children().count() > id.count())}
"
"tk-api-specification-capability","CapabilityStatement.rest.resource.updateCreate","CapabilityStatement.rest.resource.updateCreate","","","",0,1,"","","","boolean {[]} {[]}
","If update can commit to a new identity","A flag to indicate that the server allows or needs to allow the client to create new identities on the server (that is, the client PUTs to a location where there is no existing resource). Allowing this operation means that the server allows the client to create new identities on the server.","Allowing the clients to create new identities on the server means that the system administrator needs to have confidence that the clients do not create clashing identities between them. Obviously, if there is only one client, this won't happen. While creating identities on the client means that the clients need to be managed, it's much more convenient for many scenarios if such management can be put in place.","","","","","","","","",,,,,"",,,,"CapabilityStatement.rest.resource.updateCreate",0,1,"","ele-1:All FHIR elements must have a @value or children {hasValue() or (children().count() > id.count())}
"
"tk-api-specification-capability","CapabilityStatement.rest.resource.conditionalCreate","CapabilityStatement.rest.resource.conditionalCreate","","","",0,1,"","","","boolean {[]} {[]}
","If allows/uses conditional create","A flag that indicates that the server supports conditional create.","Conditional Create is mainly appropriate for interface engine scripts converting from other formats, such as v2.","","","","","","","","",,,,,"",,,,"CapabilityStatement.rest.resource.conditionalCreate",0,1,"","ele-1:All FHIR elements must have a @value or children {hasValue() or (children().count() > id.count())}
"
"tk-api-specification-capability","CapabilityStatement.rest.resource.conditionalRead","CapabilityStatement.rest.resource.conditionalRead","","","",0,1,"","","","code {[]} {[]}
","not-supported | modified-since | not-match | full-support","A code that indicates how the server supports conditional read.","Conditional Read is mainly appropriate for interface engine scripts converting from other formats, such as v2.","","","","","","","","",,"required","A code that indicates how the server supports conditional read.","http://hl7.org/fhir/ValueSet/conditional-read-status|5.0.0","",,,,"CapabilityStatement.rest.resource.conditionalRead",0,1,"","ele-1:All FHIR elements must have a @value or children {hasValue() or (children().count() > id.count())}
"
"tk-api-specification-capability","CapabilityStatement.rest.resource.conditionalUpdate","CapabilityStatement.rest.resource.conditionalUpdate","","","",0,1,"","","","boolean {[]} {[]}
","If allows/uses conditional update","A flag that indicates that the server supports conditional update.","Conditional Update is mainly appropriate for interface engine scripts converting from other formats, such as v2.","","","","","","","","",,,,,"",,,,"CapabilityStatement.rest.resource.conditionalUpdate",0,1,"","ele-1:All FHIR elements must have a @value or children {hasValue() or (children().count() > id.count())}
"
"tk-api-specification-capability","CapabilityStatement.rest.resource.conditionalPatch","CapabilityStatement.rest.resource.conditionalPatch","","","",0,1,"","","","boolean {[]} {[]}
","If allows/uses conditional patch","A flag that indicates that the server supports conditional patch.","Conditional Patch is mainly appropriate for interface engine scripts converting from other formats, such as v2.","","","","","","","","",,,,,"",,,,"CapabilityStatement.rest.resource.conditionalPatch",0,1,"","ele-1:All FHIR elements must have a @value or children {hasValue() or (children().count() > id.count())}
"
"tk-api-specification-capability","CapabilityStatement.rest.resource.conditionalDelete","CapabilityStatement.rest.resource.conditionalDelete","","","",0,1,"","","","code {[]} {[]}
","not-supported | single | multiple - how conditional delete is supported","A code that indicates how the server supports conditional delete.","Conditional Delete is mainly appropriate for interface engine scripts converting from other formats, such as v2.","","","","","","","","",,"required","A code that indicates how the server supports conditional delete.","http://hl7.org/fhir/ValueSet/conditional-delete-status|5.0.0","",,,,"CapabilityStatement.rest.resource.conditionalDelete",0,1,"","ele-1:All FHIR elements must have a @value or children {hasValue() or (children().count() > id.count())}
"
"tk-api-specification-capability","CapabilityStatement.rest.resource.referencePolicy","CapabilityStatement.rest.resource.referencePolicy","","","",0,*,"","","","code {[]} {[]}
","literal | logical | resolves | enforced | local","A set of flags that defines how references are supported.","","","","","","","","","",,"required","A set of flags that defines how references are supported.","http://hl7.org/fhir/ValueSet/reference-handling-policy|5.0.0","",,,,"CapabilityStatement.rest.resource.referencePolicy",0,*,"","ele-1:All FHIR elements must have a @value or children {hasValue() or (children().count() > id.count())}
"
"tk-api-specification-capability","CapabilityStatement.rest.resource.searchInclude","CapabilityStatement.rest.resource.searchInclude","","","",0,*,"","","","string {[]} {[]}
","_include values supported by the server","A list of _include values supported by the server.","Documenting [`_include`](http://hl7.org/fhir/R5/search.html#revinclude) support helps set conformance expectations for the desired system. Still, it is a level of detail that might not be exposed by production servers or clients when using CapabilityStatement to describe an actual implementation. If this list is empty, the server does not support includes. Support for *iterative* (a.k.a., recursive) `_include` is communicated by listing the iterative includes values supported by the server in the `searchInclude` element of the ""root"" resource type. For example, to support the following search:

`GET [base]/CarePlan?_include=CarePlan:activity-reference:DeviceRequest&_include:iterate=DeviceRequest:device`

These values would be listed as part of capabilities for ""CarePlan"":

""searchInclude"" : [""CarePlan:activity-reference:DeviceRequest"",""DeviceRequest:device""],","","","","","","","","",,,,,"",,,,"CapabilityStatement.rest.resource.searchInclude",0,*,"","ele-1:All FHIR elements must have a @value or children {hasValue() or (children().count() > id.count())}
"
"tk-api-specification-capability","CapabilityStatement.rest.resource.searchRevInclude","CapabilityStatement.rest.resource.searchRevInclude","","","",0,*,"","","","string {[]} {[]}
","_revinclude values supported by the server","A list of _revinclude (reverse include) values supported by the server.","See `CapabilityStatement.rest.resource.searchInclude` comments.","","","","","","","","",,,,,"",,,,"CapabilityStatement.rest.resource.searchRevInclude",0,*,"","ele-1:All FHIR elements must have a @value or children {hasValue() or (children().count() > id.count())}
"
"tk-api-specification-capability","CapabilityStatement.rest.resource.searchParam","CapabilityStatement.rest.resource.searchParam","","","",0,*,"","","","BackboneElement {[]} {[]}
","Search parameters supported by implementation","Search parameters for implementations to support and/or make use of - either references to ones defined in the specification, or additional ones defined for/by the implementation.","The search parameters should include the control search parameters such as _sort, _count, etc. that also apply to this resource (though many will be listed at [CapabilityStatement.rest.searchParam](http://hl7.org/fhir/R5/capabilitystatement-definitions.html#CapabilityStatement.rest.searchParam)). The behavior of some search parameters may be further described by other code or extension elements, or narrative within the capability statement or linked [SearchParameter](http://hl7.org/fhir/R5/searchparameter.html#) definitions.","","","","","","","","",,,,,"",,,,"CapabilityStatement.rest.resource.searchParam",0,*,"cpb-12
","ele-1:All FHIR elements must have a @value or children {hasValue() or (children().count() > id.count())}
"
"tk-api-specification-capability","CapabilityStatement.rest.resource.searchParam.id","CapabilityStatement.rest.resource.searchParam.id","","","",0,1,"","","","string {[]} {[]}
","Unique id for inter-element referencing","Unique id for the element within a resource (for internal references). This may be any string value that does not contain spaces.","","","","","","","","","",,,,,"",,,,"Element.id",0,1,"ele-1
",""
"tk-api-specification-capability","CapabilityStatement.rest.resource.searchParam.extension","CapabilityStatement.rest.resource.searchParam.extension","","extensions
user content","",0,*,"","","","Extension {[]} {[]}
","Additional content defined by implementations","May be used to represent additional information that is not part of the basic definition of the element. To make the use of extensions safe and managable, there is a strict set of governance applied to the definition and use of extensions. Though any implementer can define an extension, there is a set of requirements that SHALL be met as part of the definition of the extension.","There can be no stigma associated with the use of extensions by any application, project, or standard - regardless of the institution or jurisdiction that uses or defines the extensions.  The use of extensions is what allows the FHIR specification to retain a core level of simplicity for everyone.","","","","","","","","",,,,,"",,,,"Element.extension",0,*,"","ele-1:All FHIR elements must have a @value or children {hasValue() or (children().count() > id.count())}
ext-1:Must have either extensions or value[x], not both {extension.exists() != value.exists()}"
"tk-api-specification-capability","CapabilityStatement.rest.resource.searchParam.modifierExtension","CapabilityStatement.rest.resource.searchParam.modifierExtension","","extensions
user contentmodifiers","",0,*,"","Y","Y","Extension {[]} {[]}
","Extensions that cannot be ignored even if unrecognized","May be used to represent additional information that is not part of the basic definition of the element and that modifies the understanding of the element in which it is contained and/or the understanding of the containing element's descendants. Usually modifier elements provide negation or qualification. To make the use of extensions safe and managable, there is a strict set of governance applied to the definition and use of extensions. Though any implementer can define an extension, there is a set of requirements that SHALL be met as part of the definition of the extension. Applications processing a resource are required to check for modifier extensions.

Modifier extensions SHALL NOT change the meaning of any elements on Resource or DomainResource (including cannot change the meaning of modifierExtension itself).","There can be no stigma associated with the use of extensions by any application, project, or standard - regardless of the institution or jurisdiction that uses or defines the extensions.  The use of extensions is what allows the FHIR specification to retain a core level of simplicity for everyone.","Modifier extensions allow for extensions that *cannot* be safely ignored to be clearly distinguished from the vast majority of extensions which can be safely ignored.  This promotes interoperability by eliminating the need for implementers to prohibit the presence of extensions. For further information, see the [definition of modifier extensions](http://hl7.org/fhir/R5/extensibility.html#modifierExtension).","","","","","","","",,,,,"",,,,"BackboneElement.modifierExtension",0,*,"","ele-1:All FHIR elements must have a @value or children {hasValue() or (children().count() > id.count())}
ext-1:Must have either extensions or value[x], not both {extension.exists() != value.exists()}"
"tk-api-specification-capability","CapabilityStatement.rest.resource.searchParam.name","CapabilityStatement.rest.resource.searchParam.name","","","",1,1,"","","","string {[]} {[]}
","Name for parameter in search url","The label used for the search parameter in this particular system's API - i.e. the 'name' portion of the name-value pair that will appear as part of the search URL.  This SHOULD be the same as the SearchParameter.code of the defining SearchParameter.  However, it can sometimes differ if necessary to disambiguate when a server supports multiple SearchParameters that happen to share the same code.","Parameter names cannot overlap with standard parameter names, and standard parameters cannot be redefined. There is no correspondence whatsoever between CapabilityStatement's searchParam.name and SearchParameter.name - the latter is used as a class name when generating code for the search parameter.","","","","","","","","",,,,,"",,,,"CapabilityStatement.rest.resource.searchParam.name",1,1,"cpb-12
","ele-1:All FHIR elements must have a @value or children {hasValue() or (children().count() > id.count())}
"
"tk-api-specification-capability","CapabilityStatement.rest.resource.searchParam.definition","CapabilityStatement.rest.resource.searchParam.definition","","","",0,1,"","","","canonical {[]} {[CanonicalType[http://hl7.org/fhir/StructureDefinition/SearchParameter|5.0.0]]}
","Source of definition for parameter","An absolute URI that is a formal reference to where this parameter was first defined, so that a client can be confident of the meaning of the search parameter (a reference to [SearchParameter.url](http://hl7.org/fhir/R5/searchparameter-definitions.html#SearchParameter.url)). This element SHALL be populated if the search parameter refers to a SearchParameter defined by the FHIR core specification or externally defined IGs.","This SHOULD be present, and matches refers to a SearchParameter by its canonical URL. If systems wish to document their support for modifiers, comparators, target resource types, and chained parameters, they should do using a search parameter resource. This element SHALL be populated if the search parameter refers to a SearchParameter defined by the FHIR core specification or externally defined IGs.","","","","","","","","",,,,,"",,,,"CapabilityStatement.rest.resource.searchParam.definition",0,1,"","ele-1:All FHIR elements must have a @value or children {hasValue() or (children().count() > id.count())}
"
"tk-api-specification-capability","CapabilityStatement.rest.resource.searchParam.type","CapabilityStatement.rest.resource.searchParam.type","","","",1,1,"","","","code {[]} {[]}
","number | date | string | token | reference | composite | quantity | uri | special","The type of value a search parameter refers to, and how the content is interpreted.","While this can be looked up from the definition, it is included here as a convenience for systems that autogenerate a query interface based on the server capability statement.  It SHALL be the same as the type in the search parameter definition.","","","","","","","","",,"required","Data types allowed to be used for search parameters.","http://hl7.org/fhir/ValueSet/search-param-type|5.0.0","",,,,"CapabilityStatement.rest.resource.searchParam.type",1,1,"","ele-1:All FHIR elements must have a @value or children {hasValue() or (children().count() > id.count())}
"
"tk-api-specification-capability","CapabilityStatement.rest.resource.searchParam.documentation","CapabilityStatement.rest.resource.searchParam.documentation","","","",0,1,"","","","markdown {[]} {[]}
","Server-specific usage","This allows documentation of any distinct behaviors about how the search parameter is used.  For example, text matching algorithms.","","","","","","","","","",,,,,"",,,,"CapabilityStatement.rest.resource.searchParam.documentation",0,1,"","ele-1:All FHIR elements must have a @value or children {hasValue() or (children().count() > id.count())}
"
"tk-api-specification-capability","CapabilityStatement.rest.resource.operation","CapabilityStatement.rest.resource.operation","","","",0,*,"","","Y","BackboneElement {[]} {[]}
","Definition of a resource operation","Definition of an operation or a named query together with its parameters and their meaning and type. Consult the definition of the operation for details about how to invoke the operation, and the parameters.","Operations linked from CapabilityStatement.rest.resource.operation must have OperationDefinition.type = true or OperationDefinition.instance = true.    

If an operation that is listed in multiple CapabilityStatement.rest.resource.operation (e.g. for different resource types), then clients should understand that the operation is only supported on the specified resource types, and that may be a subset of those listed in OperationDefinition.resource.","","","","","","","","",,,,,"",,,,"CapabilityStatement.rest.resource.operation",0,*,"","ele-1:All FHIR elements must have a @value or children {hasValue() or (children().count() > id.count())}
"
"tk-api-specification-capability","CapabilityStatement.rest.resource.operation.id","CapabilityStatement.rest.resource.operation.id","","","",0,1,"","","","string {[]} {[]}
","Unique id for inter-element referencing","Unique id for the element within a resource (for internal references). This may be any string value that does not contain spaces.","","","","","","","","","",,,,,"",,,,"Element.id",0,1,"ele-1
",""
"tk-api-specification-capability","CapabilityStatement.rest.resource.operation.extension","CapabilityStatement.rest.resource.operation.extension","","extensions
user content","",0,*,"","","","Extension {[]} {[]}
","Additional content defined by implementations","May be used to represent additional information that is not part of the basic definition of the element. To make the use of extensions safe and managable, there is a strict set of governance applied to the definition and use of extensions. Though any implementer can define an extension, there is a set of requirements that SHALL be met as part of the definition of the extension.","There can be no stigma associated with the use of extensions by any application, project, or standard - regardless of the institution or jurisdiction that uses or defines the extensions.  The use of extensions is what allows the FHIR specification to retain a core level of simplicity for everyone.","","","","","","","","",,,,,"",,,,"Element.extension",0,*,"","ele-1:All FHIR elements must have a @value or children {hasValue() or (children().count() > id.count())}
ext-1:Must have either extensions or value[x], not both {extension.exists() != value.exists()}"
"tk-api-specification-capability","CapabilityStatement.rest.resource.operation.modifierExtension","CapabilityStatement.rest.resource.operation.modifierExtension","","extensions
user contentmodifiers","",0,*,"","Y","Y","Extension {[]} {[]}
","Extensions that cannot be ignored even if unrecognized","May be used to represent additional information that is not part of the basic definition of the element and that modifies the understanding of the element in which it is contained and/or the understanding of the containing element's descendants. Usually modifier elements provide negation or qualification. To make the use of extensions safe and managable, there is a strict set of governance applied to the definition and use of extensions. Though any implementer can define an extension, there is a set of requirements that SHALL be met as part of the definition of the extension. Applications processing a resource are required to check for modifier extensions.

Modifier extensions SHALL NOT change the meaning of any elements on Resource or DomainResource (including cannot change the meaning of modifierExtension itself).","There can be no stigma associated with the use of extensions by any application, project, or standard - regardless of the institution or jurisdiction that uses or defines the extensions.  The use of extensions is what allows the FHIR specification to retain a core level of simplicity for everyone.","Modifier extensions allow for extensions that *cannot* be safely ignored to be clearly distinguished from the vast majority of extensions which can be safely ignored.  This promotes interoperability by eliminating the need for implementers to prohibit the presence of extensions. For further information, see the [definition of modifier extensions](http://hl7.org/fhir/R5/extensibility.html#modifierExtension).","","","","","","","",,,,,"",,,,"BackboneElement.modifierExtension",0,*,"","ele-1:All FHIR elements must have a @value or children {hasValue() or (children().count() > id.count())}
ext-1:Must have either extensions or value[x], not both {extension.exists() != value.exists()}"
"tk-api-specification-capability","CapabilityStatement.rest.resource.operation.name","CapabilityStatement.rest.resource.operation.name","","","",1,1,"","","Y","string {[]} {[]}
","Name by which the operation/query is invoked","The name of the operation or query. For an operation, this name is prefixed with $ and used in the URL. For a query, this is the name used in the _query parameter when the query is called. This SHOULD be the same as the OperationDefinition.code of the defining OperationDefinition.  However, it can sometimes differ if necessary to disambiguate when a server supports multiple OperationDefinition that happen to share the same code.","The name here SHOULD be the same as the OperationDefinition.code in the referenced OperationDefinition, unless there is a name clash and the OperationDefinition.code cannot be used. The name does not include the ""$"" portion that is always included in the URL. There is no correspondence whatsoever between CapabilityStatement's operation.name and OperationDefinition.name - the latter is used as a class name when generating code for the operation. HL7 will never define operations that have conflicting names.","","","","","","","","",,,,,"",,,,"CapabilityStatement.rest.resource.operation.name",1,1,"","ele-1:All FHIR elements must have a @value or children {hasValue() or (children().count() > id.count())}
"
"tk-api-specification-capability","CapabilityStatement.rest.resource.operation.definition","CapabilityStatement.rest.resource.operation.definition","","","",1,1,"","","Y","canonical {[]} {[CanonicalType[http://hl7.org/fhir/StructureDefinition/OperationDefinition|5.0.0]]}
","The defined operation/query","Where the formal definition can be found. If a server references the base definition of an Operation (i.e. from the specification itself such as ```http://hl7.org/fhir/OperationDefinition/ValueSet-expand```), that means it supports the full capabilities of the operation - e.g. both GET and POST invocation.  If it only supports a subset, it must define its own custom [OperationDefinition](http://hl7.org/fhir/R5/operationdefinition.html#) with a 'base' of the original OperationDefinition.  The custom definition would describe the specific subset of functionality supported.","This can be used to build an HTML form to invoke the operation, for instance.","","","","","","","","",,,,,"",,,,"CapabilityStatement.rest.resource.operation.definition",1,1,"","ele-1:All FHIR elements must have a @value or children {hasValue() or (children().count() > id.count())}
"
"tk-api-specification-capability","CapabilityStatement.rest.resource.operation.documentation","CapabilityStatement.rest.resource.operation.documentation","","","",0,1,"","","","markdown {[]} {[]}
","Specific details about operation behavior","Documentation that describes anything special about the operation behavior, possibly detailing different behavior for system, type and instance-level invocation of the operation.","","","","","","","","","",,,,,"",,,,"CapabilityStatement.rest.resource.operation.documentation",0,1,"","ele-1:All FHIR elements must have a @value or children {hasValue() or (children().count() > id.count())}
"
"tk-api-specification-capability","CapabilityStatement.rest.interaction","CapabilityStatement.rest.interaction","","","",0,*,"","","","BackboneElement {[]} {[]}
","What operations are supported?","A specification of restful operations supported by the system.","","","","","","","","","",,,,,"",,,,"CapabilityStatement.rest.interaction",0,*,"","ele-1:All FHIR elements must have a @value or children {hasValue() or (children().count() > id.count())}
"
"tk-api-specification-capability","CapabilityStatement.rest.interaction.id","CapabilityStatement.rest.interaction.id","","","",0,1,"","","","string {[]} {[]}
","Unique id for inter-element referencing","Unique id for the element within a resource (for internal references). This may be any string value that does not contain spaces.","","","","","","","","","",,,,,"",,,,"Element.id",0,1,"ele-1
",""
"tk-api-specification-capability","CapabilityStatement.rest.interaction.extension","CapabilityStatement.rest.interaction.extension","","extensions
user content","",0,*,"","","","Extension {[]} {[]}
","Additional content defined by implementations","May be used to represent additional information that is not part of the basic definition of the element. To make the use of extensions safe and managable, there is a strict set of governance applied to the definition and use of extensions. Though any implementer can define an extension, there is a set of requirements that SHALL be met as part of the definition of the extension.","There can be no stigma associated with the use of extensions by any application, project, or standard - regardless of the institution or jurisdiction that uses or defines the extensions.  The use of extensions is what allows the FHIR specification to retain a core level of simplicity for everyone.","","","","","","","","",,,,,"",,,,"Element.extension",0,*,"","ele-1:All FHIR elements must have a @value or children {hasValue() or (children().count() > id.count())}
ext-1:Must have either extensions or value[x], not both {extension.exists() != value.exists()}"
"tk-api-specification-capability","CapabilityStatement.rest.interaction.modifierExtension","CapabilityStatement.rest.interaction.modifierExtension","","extensions
user contentmodifiers","",0,*,"","Y","Y","Extension {[]} {[]}
","Extensions that cannot be ignored even if unrecognized","May be used to represent additional information that is not part of the basic definition of the element and that modifies the understanding of the element in which it is contained and/or the understanding of the containing element's descendants. Usually modifier elements provide negation or qualification. To make the use of extensions safe and managable, there is a strict set of governance applied to the definition and use of extensions. Though any implementer can define an extension, there is a set of requirements that SHALL be met as part of the definition of the extension. Applications processing a resource are required to check for modifier extensions.

Modifier extensions SHALL NOT change the meaning of any elements on Resource or DomainResource (including cannot change the meaning of modifierExtension itself).","There can be no stigma associated with the use of extensions by any application, project, or standard - regardless of the institution or jurisdiction that uses or defines the extensions.  The use of extensions is what allows the FHIR specification to retain a core level of simplicity for everyone.","Modifier extensions allow for extensions that *cannot* be safely ignored to be clearly distinguished from the vast majority of extensions which can be safely ignored.  This promotes interoperability by eliminating the need for implementers to prohibit the presence of extensions. For further information, see the [definition of modifier extensions](http://hl7.org/fhir/R5/extensibility.html#modifierExtension).","","","","","","","",,,,,"",,,,"BackboneElement.modifierExtension",0,*,"","ele-1:All FHIR elements must have a @value or children {hasValue() or (children().count() > id.count())}
ext-1:Must have either extensions or value[x], not both {extension.exists() != value.exists()}"
"tk-api-specification-capability","CapabilityStatement.rest.interaction.code","CapabilityStatement.rest.interaction.code","","","",1,1,"","","","code {[]} {[]}
","transaction | batch | search-system | history-system","A coded identifier of the operation, supported by the system.","","","","","","","","","",,"required","Operations supported by REST at the system level.","http://hl7.org/fhir/ValueSet/system-restful-interaction|5.0.0","",,,,"CapabilityStatement.rest.interaction.code",1,1,"","ele-1:All FHIR elements must have a @value or children {hasValue() or (children().count() > id.count())}
"
"tk-api-specification-capability","CapabilityStatement.rest.interaction.documentation","CapabilityStatement.rest.interaction.documentation","","","",0,1,"","","","markdown {[]} {[]}
","Anything special about operation behavior","Guidance specific to the implementation of this operation, such as limitations on the kind of transactions allowed, or information about system wide search is implemented.","","","","","","","","","",,,,,"",,,,"CapabilityStatement.rest.interaction.documentation",0,1,"","ele-1:All FHIR elements must have a @value or children {hasValue() or (children().count() > id.count())}
"
"tk-api-specification-capability","CapabilityStatement.rest.searchParam","CapabilityStatement.rest.searchParam","","","",0,*,"","","","null {[]} {[]}
","Search parameters for searching all resources","Search parameters that are supported for searching all resources for implementations to support and/or make use of - either references to ones defined in the specification, or additional ones defined for/by the implementation. This is only for searches executed against the system-level endpoint.","Typically, the only search parameters supported for all searches are those that apply to all resources - tags, profiles, text search etc. These search parameters should include the control search parameters such as _sort, _count, etc. that also apply to this resource (though many will be listed at [CapabilityStatement.rest.searchParam](http://hl7.org/fhir/R5/capabilitystatement-definitions.html#CapabilityStatement.rest.searchParam)). The behavior of some search parameters may be further described by other code or extension elements, or narrative within the capability statement or linked [SearchParameter](http://hl7.org/fhir/R5/searchparameter.html#) definitions.","","","","","","","","",,,,,"",,,,"CapabilityStatement.rest.searchParam",0,*,"","ele-1:All FHIR elements must have a @value or children {hasValue() or (children().count() > id.count())}
"
"tk-api-specification-capability","CapabilityStatement.rest.operation","CapabilityStatement.rest.operation","","","",0,*,"","","Y","null {[]} {[]}
","Definition of a system level operation","Definition of an operation or a named query together with its parameters and their meaning and type.","CapabilityStatement.rest.operation is for operations invoked at the system level, or for operations that are supported across multiple resource types. Operations linked from CapabilityStatement.rest.operation must have OperationDefinition.system = true, or more than one Operation.resource.","","","","","","","","",,,,,"",,,,"CapabilityStatement.rest.operation",0,*,"","ele-1:All FHIR elements must have a @value or children {hasValue() or (children().count() > id.count())}
"
"tk-api-specification-capability","CapabilityStatement.rest.compartment","CapabilityStatement.rest.compartment","","","",0,*,"","","","canonical {[]} {[CanonicalType[http://hl7.org/fhir/StructureDefinition/CompartmentDefinition|5.0.0]]}
","Compartments served/used by system","An absolute URI which is a reference to the definition of a compartment that the system supports. The reference is to a CompartmentDefinition resource by its canonical URL .","At present, the only defined compartments are at [CompartmentDefinition](http://hl7.org/fhir/R5/compartmentdefinition.html).","","","","","","","","",,,,,"",,,,"CapabilityStatement.rest.compartment",0,*,"","ele-1:All FHIR elements must have a @value or children {hasValue() or (children().count() > id.count())}
"
"tk-api-specification-capability","CapabilityStatement.messaging","CapabilityStatement.messaging","","","",0,*,"","","Y","BackboneElement {[]} {[]}
","If messaging is supported","A description of the messaging capabilities of the solution.","Multiple repetitions allow the documentation of multiple endpoints per solution.","","","","","","","","",,,,,"",,,,"CapabilityStatement.messaging",0,*,"cpb-1
","ele-1:All FHIR elements must have a @value or children {hasValue() or (children().count() > id.count())}
"
"tk-api-specification-capability","CapabilityStatement.messaging.id","CapabilityStatement.messaging.id","","","",0,1,"","","","string {[]} {[]}
","Unique id for inter-element referencing","Unique id for the element within a resource (for internal references). This may be any string value that does not contain spaces.","","","","","","","","","",,,,,"",,,,"Element.id",0,1,"ele-1
",""
"tk-api-specification-capability","CapabilityStatement.messaging.extension","CapabilityStatement.messaging.extension","","extensions
user content","",0,*,"","","","Extension {[]} {[]}
","Additional content defined by implementations","May be used to represent additional information that is not part of the basic definition of the element. To make the use of extensions safe and managable, there is a strict set of governance applied to the definition and use of extensions. Though any implementer can define an extension, there is a set of requirements that SHALL be met as part of the definition of the extension.","There can be no stigma associated with the use of extensions by any application, project, or standard - regardless of the institution or jurisdiction that uses or defines the extensions.  The use of extensions is what allows the FHIR specification to retain a core level of simplicity for everyone.","","","","","","","","",,,,,"",,,,"Element.extension",0,*,"","ele-1:All FHIR elements must have a @value or children {hasValue() or (children().count() > id.count())}
ext-1:Must have either extensions or value[x], not both {extension.exists() != value.exists()}"
"tk-api-specification-capability","CapabilityStatement.messaging.modifierExtension","CapabilityStatement.messaging.modifierExtension","","extensions
user contentmodifiers","",0,*,"","Y","Y","Extension {[]} {[]}
","Extensions that cannot be ignored even if unrecognized","May be used to represent additional information that is not part of the basic definition of the element and that modifies the understanding of the element in which it is contained and/or the understanding of the containing element's descendants. Usually modifier elements provide negation or qualification. To make the use of extensions safe and managable, there is a strict set of governance applied to the definition and use of extensions. Though any implementer can define an extension, there is a set of requirements that SHALL be met as part of the definition of the extension. Applications processing a resource are required to check for modifier extensions.

Modifier extensions SHALL NOT change the meaning of any elements on Resource or DomainResource (including cannot change the meaning of modifierExtension itself).","There can be no stigma associated with the use of extensions by any application, project, or standard - regardless of the institution or jurisdiction that uses or defines the extensions.  The use of extensions is what allows the FHIR specification to retain a core level of simplicity for everyone.","Modifier extensions allow for extensions that *cannot* be safely ignored to be clearly distinguished from the vast majority of extensions which can be safely ignored.  This promotes interoperability by eliminating the need for implementers to prohibit the presence of extensions. For further information, see the [definition of modifier extensions](http://hl7.org/fhir/R5/extensibility.html#modifierExtension).","","","","","","","",,,,,"",,,,"BackboneElement.modifierExtension",0,*,"","ele-1:All FHIR elements must have a @value or children {hasValue() or (children().count() > id.count())}
ext-1:Must have either extensions or value[x], not both {extension.exists() != value.exists()}"
"tk-api-specification-capability","CapabilityStatement.messaging.endpoint","CapabilityStatement.messaging.endpoint","","3
","",0,*,"","","","BackboneElement {[]} {[]}
","Where messages should be sent","An endpoint (network accessible address) to which messages and/or replies are to be sent.","","","","","","","","","",,,,,"",,,,"CapabilityStatement.messaging.endpoint",0,*,"cpb-3
","ele-1:All FHIR elements must have a @value or children {hasValue() or (children().count() > id.count())}
"
"tk-api-specification-capability","CapabilityStatement.messaging.endpoint.id","CapabilityStatement.messaging.endpoint.id","","","",0,1,"","","","string {[]} {[]}
","Unique id for inter-element referencing","Unique id for the element within a resource (for internal references). This may be any string value that does not contain spaces.","","","","","","","","","",,,,,"",,,,"Element.id",0,1,"ele-1
",""
"tk-api-specification-capability","CapabilityStatement.messaging.endpoint.extension","CapabilityStatement.messaging.endpoint.extension","","extensions
user content","",0,*,"","","","Extension {[]} {[]}
","Additional content defined by implementations","May be used to represent additional information that is not part of the basic definition of the element. To make the use of extensions safe and managable, there is a strict set of governance applied to the definition and use of extensions. Though any implementer can define an extension, there is a set of requirements that SHALL be met as part of the definition of the extension.","There can be no stigma associated with the use of extensions by any application, project, or standard - regardless of the institution or jurisdiction that uses or defines the extensions.  The use of extensions is what allows the FHIR specification to retain a core level of simplicity for everyone.","","","","","","","","",,,,,"",,,,"Element.extension",0,*,"","ele-1:All FHIR elements must have a @value or children {hasValue() or (children().count() > id.count())}
ext-1:Must have either extensions or value[x], not both {extension.exists() != value.exists()}"
"tk-api-specification-capability","CapabilityStatement.messaging.endpoint.modifierExtension","CapabilityStatement.messaging.endpoint.modifierExtension","","extensions
user contentmodifiers","",0,*,"","Y","Y","Extension {[]} {[]}
","Extensions that cannot be ignored even if unrecognized","May be used to represent additional information that is not part of the basic definition of the element and that modifies the understanding of the element in which it is contained and/or the understanding of the containing element's descendants. Usually modifier elements provide negation or qualification. To make the use of extensions safe and managable, there is a strict set of governance applied to the definition and use of extensions. Though any implementer can define an extension, there is a set of requirements that SHALL be met as part of the definition of the extension. Applications processing a resource are required to check for modifier extensions.

Modifier extensions SHALL NOT change the meaning of any elements on Resource or DomainResource (including cannot change the meaning of modifierExtension itself).","There can be no stigma associated with the use of extensions by any application, project, or standard - regardless of the institution or jurisdiction that uses or defines the extensions.  The use of extensions is what allows the FHIR specification to retain a core level of simplicity for everyone.","Modifier extensions allow for extensions that *cannot* be safely ignored to be clearly distinguished from the vast majority of extensions which can be safely ignored.  This promotes interoperability by eliminating the need for implementers to prohibit the presence of extensions. For further information, see the [definition of modifier extensions](http://hl7.org/fhir/R5/extensibility.html#modifierExtension).","","","","","","","",,,,,"",,,,"BackboneElement.modifierExtension",0,*,"","ele-1:All FHIR elements must have a @value or children {hasValue() or (children().count() > id.count())}
ext-1:Must have either extensions or value[x], not both {extension.exists() != value.exists()}"
"tk-api-specification-capability","CapabilityStatement.messaging.endpoint.protocol","CapabilityStatement.messaging.endpoint.protocol","","","",1,1,"","","","Coding {[]} {[]}
","http | ftp | mllp +","A list of the messaging transport protocol(s) identifiers, supported by this endpoint.","","","","","","","","","",,"extensible","The protocol used for message transport.","http://hl7.org/fhir/ValueSet/message-transport|5.0.0","",,,,"CapabilityStatement.messaging.endpoint.protocol",1,1,"","ele-1:All FHIR elements must have a @value or children {hasValue() or (children().count() > id.count())}
"
"tk-api-specification-capability","CapabilityStatement.messaging.endpoint.address","CapabilityStatement.messaging.endpoint.address","","","",1,1,"","","","url {[]} {[]}
","Network address or identifier of the end-point","The network address of the endpoint. For solutions that do not use network addresses for routing, it can be just an identifier.","","","","","","","","","",,,,,"",,,,"CapabilityStatement.messaging.endpoint.address",1,1,"","ele-1:All FHIR elements must have a @value or children {hasValue() or (children().count() > id.count())}
"
"tk-api-specification-capability","CapabilityStatement.messaging.reliableCache","CapabilityStatement.messaging.reliableCache","","","",0,1,"","","","unsignedInt {[]} {[]}
","Reliable Message Cache Length (min)","Length if the receiver's reliable messaging cache in minutes (if a receiver) or how long the cache length on the receiver should be (if a sender).","If this value is missing then the application does not implement (receiver) or depend on (sender) reliable messaging.","","","","","","","","",,,,,"",,,,"CapabilityStatement.messaging.reliableCache",0,1,"","ele-1:All FHIR elements must have a @value or children {hasValue() or (children().count() > id.count())}
"
"tk-api-specification-capability","CapabilityStatement.messaging.documentation","CapabilityStatement.messaging.documentation","","","",0,1,"","","","markdown {[]} {[]}
","Messaging interface behavior details","Documentation about the system's messaging capabilities for this endpoint not otherwise documented by the capability statement.  For example, the process for becoming an authorized messaging exchange partner.","","","","","","","","","",,,,,"",,,,"CapabilityStatement.messaging.documentation",0,1,"","ele-1:All FHIR elements must have a @value or children {hasValue() or (children().count() > id.count())}
"
"tk-api-specification-capability","CapabilityStatement.messaging.supportedMessage","CapabilityStatement.messaging.supportedMessage","","","",0,*,"","","Y","BackboneElement {[]} {[]}
","Messages supported by this system","References to message definitions for messages this system can send or receive.","This is a proposed alternative to the messaging.event structure.","","","","","","","","",,,,,"",,,,"CapabilityStatement.messaging.supportedMessage",0,*,"","ele-1:All FHIR elements must have a @value or children {hasValue() or (children().count() > id.count())}
"
"tk-api-specification-capability","CapabilityStatement.messaging.supportedMessage.id","CapabilityStatement.messaging.supportedMessage.id","","","",0,1,"","","","string {[]} {[]}
","Unique id for inter-element referencing","Unique id for the element within a resource (for internal references). This may be any string value that does not contain spaces.","","","","","","","","","",,,,,"",,,,"Element.id",0,1,"ele-1
",""
"tk-api-specification-capability","CapabilityStatement.messaging.supportedMessage.extension","CapabilityStatement.messaging.supportedMessage.extension","","extensions
user content","",0,*,"","","","Extension {[]} {[]}
","Additional content defined by implementations","May be used to represent additional information that is not part of the basic definition of the element. To make the use of extensions safe and managable, there is a strict set of governance applied to the definition and use of extensions. Though any implementer can define an extension, there is a set of requirements that SHALL be met as part of the definition of the extension.","There can be no stigma associated with the use of extensions by any application, project, or standard - regardless of the institution or jurisdiction that uses or defines the extensions.  The use of extensions is what allows the FHIR specification to retain a core level of simplicity for everyone.","","","","","","","","",,,,,"",,,,"Element.extension",0,*,"","ele-1:All FHIR elements must have a @value or children {hasValue() or (children().count() > id.count())}
ext-1:Must have either extensions or value[x], not both {extension.exists() != value.exists()}"
"tk-api-specification-capability","CapabilityStatement.messaging.supportedMessage.modifierExtension","CapabilityStatement.messaging.supportedMessage.modifierExtension","","extensions
user contentmodifiers","",0,*,"","Y","Y","Extension {[]} {[]}
","Extensions that cannot be ignored even if unrecognized","May be used to represent additional information that is not part of the basic definition of the element and that modifies the understanding of the element in which it is contained and/or the understanding of the containing element's descendants. Usually modifier elements provide negation or qualification. To make the use of extensions safe and managable, there is a strict set of governance applied to the definition and use of extensions. Though any implementer can define an extension, there is a set of requirements that SHALL be met as part of the definition of the extension. Applications processing a resource are required to check for modifier extensions.

Modifier extensions SHALL NOT change the meaning of any elements on Resource or DomainResource (including cannot change the meaning of modifierExtension itself).","There can be no stigma associated with the use of extensions by any application, project, or standard - regardless of the institution or jurisdiction that uses or defines the extensions.  The use of extensions is what allows the FHIR specification to retain a core level of simplicity for everyone.","Modifier extensions allow for extensions that *cannot* be safely ignored to be clearly distinguished from the vast majority of extensions which can be safely ignored.  This promotes interoperability by eliminating the need for implementers to prohibit the presence of extensions. For further information, see the [definition of modifier extensions](http://hl7.org/fhir/R5/extensibility.html#modifierExtension).","","","","","","","",,,,,"",,,,"BackboneElement.modifierExtension",0,*,"","ele-1:All FHIR elements must have a @value or children {hasValue() or (children().count() > id.count())}
ext-1:Must have either extensions or value[x], not both {extension.exists() != value.exists()}"
"tk-api-specification-capability","CapabilityStatement.messaging.supportedMessage.mode","CapabilityStatement.messaging.supportedMessage.mode","","","",1,1,"","","Y","code {[]} {[]}
","sender | receiver","The mode of this event declaration - whether application is sender or receiver.","","","","","","","","","",,"required","The mode of a message capability statement.","http://hl7.org/fhir/ValueSet/event-capability-mode|5.0.0","",,,,"CapabilityStatement.messaging.supportedMessage.mode",1,1,"","ele-1:All FHIR elements must have a @value or children {hasValue() or (children().count() > id.count())}
"
"tk-api-specification-capability","CapabilityStatement.messaging.supportedMessage.definition","CapabilityStatement.messaging.supportedMessage.definition","","","",1,1,"","","Y","canonical {[]} {[CanonicalType[http://hl7.org/fhir/StructureDefinition/MessageDefinition|5.0.0]]}
","Message supported by this system","Points to a message definition that identifies the messaging event, message structure, allowed responses, etc.","","","","","","","","","",,,,,"",,,,"CapabilityStatement.messaging.supportedMessage.definition",1,1,"","ele-1:All FHIR elements must have a @value or children {hasValue() or (children().count() > id.count())}
"
"tk-api-specification-capability","CapabilityStatement.document","CapabilityStatement.document","","","",0,*,"","","Y","BackboneElement {[]} {[]}
","Document definition","A document definition.","","","","","","","","","",,,,,"",,,,"CapabilityStatement.document",0,*,"cpb-7
cpb-1","ele-1:All FHIR elements must have a @value or children {hasValue() or (children().count() > id.count())}
"
"tk-api-specification-capability","CapabilityStatement.document.id","CapabilityStatement.document.id","","","",0,1,"","","","string {[]} {[]}
","Unique id for inter-element referencing","Unique id for the element within a resource (for internal references). This may be any string value that does not contain spaces.","","","","","","","","","",,,,,"",,,,"Element.id",0,1,"ele-1
",""
"tk-api-specification-capability","CapabilityStatement.document.extension","CapabilityStatement.document.extension","","extensions
user content","",0,*,"","","","Extension {[]} {[]}
","Additional content defined by implementations","May be used to represent additional information that is not part of the basic definition of the element. To make the use of extensions safe and managable, there is a strict set of governance applied to the definition and use of extensions. Though any implementer can define an extension, there is a set of requirements that SHALL be met as part of the definition of the extension.","There can be no stigma associated with the use of extensions by any application, project, or standard - regardless of the institution or jurisdiction that uses or defines the extensions.  The use of extensions is what allows the FHIR specification to retain a core level of simplicity for everyone.","","","","","","","","",,,,,"",,,,"Element.extension",0,*,"","ele-1:All FHIR elements must have a @value or children {hasValue() or (children().count() > id.count())}
ext-1:Must have either extensions or value[x], not both {extension.exists() != value.exists()}"
"tk-api-specification-capability","CapabilityStatement.document.modifierExtension","CapabilityStatement.document.modifierExtension","","extensions
user contentmodifiers","",0,*,"","Y","Y","Extension {[]} {[]}
","Extensions that cannot be ignored even if unrecognized","May be used to represent additional information that is not part of the basic definition of the element and that modifies the understanding of the element in which it is contained and/or the understanding of the containing element's descendants. Usually modifier elements provide negation or qualification. To make the use of extensions safe and managable, there is a strict set of governance applied to the definition and use of extensions. Though any implementer can define an extension, there is a set of requirements that SHALL be met as part of the definition of the extension. Applications processing a resource are required to check for modifier extensions.

Modifier extensions SHALL NOT change the meaning of any elements on Resource or DomainResource (including cannot change the meaning of modifierExtension itself).","There can be no stigma associated with the use of extensions by any application, project, or standard - regardless of the institution or jurisdiction that uses or defines the extensions.  The use of extensions is what allows the FHIR specification to retain a core level of simplicity for everyone.","Modifier extensions allow for extensions that *cannot* be safely ignored to be clearly distinguished from the vast majority of extensions which can be safely ignored.  This promotes interoperability by eliminating the need for implementers to prohibit the presence of extensions. For further information, see the [definition of modifier extensions](http://hl7.org/fhir/R5/extensibility.html#modifierExtension).","","","","","","","",,,,,"",,,,"BackboneElement.modifierExtension",0,*,"","ele-1:All FHIR elements must have a @value or children {hasValue() or (children().count() > id.count())}
ext-1:Must have either extensions or value[x], not both {extension.exists() != value.exists()}"
"tk-api-specification-capability","CapabilityStatement.document.mode","CapabilityStatement.document.mode","","","",1,1,"","","Y","code {[]} {[]}
","producer | consumer","Mode of this document declaration - whether an application is a producer or consumer.","","","","","","","","","",,"required","Whether the application produces or consumes documents.","http://hl7.org/fhir/ValueSet/document-mode|5.0.0","",,,,"CapabilityStatement.document.mode",1,1,"cpb-7
","ele-1:All FHIR elements must have a @value or children {hasValue() or (children().count() > id.count())}
"
"tk-api-specification-capability","CapabilityStatement.document.documentation","CapabilityStatement.document.documentation","","","",0,1,"","","","markdown {[]} {[]}
","Description of document support","A description of how the application supports or uses the specified document profile.  For example, when documents are created, what action is taken with consumed documents, etc.","","","","","","","","","",,,,,"",,,,"CapabilityStatement.document.documentation",0,1,"","ele-1:All FHIR elements must have a @value or children {hasValue() or (children().count() > id.count())}
"
"tk-api-specification-capability","CapabilityStatement.document.profile","CapabilityStatement.document.profile","","","",1,1,"","","Y","canonical {[]} {[CanonicalType[http://hl7.org/fhir/StructureDefinition/StructureDefinition|5.0.0]]}
","Constraint on the resources used in the document","A profile on the document Bundle that constrains which resources are present, and their contents.","The profile is actually on the Bundle.","","","","","","","","",,,,,"",,,,"CapabilityStatement.document.profile",1,1,"cpb-7
","ele-1:All FHIR elements must have a @value or children {hasValue() or (children().count() > id.count())}
"
"tk-api-specification-category","Extension","Extension","","","",0,*,"","","","null {[]} {[]}
","Specifikationskategori","Typ av specifikation, t.ex. FHIR, REST/OpenAPI, SOAP/RIVTA-tjänstekontrakt (API-specifikation.kategori i informationsunderlaget). Basresursen CapabilityStatement saknar ett eget element för klassificering av detta slag.","","","","","","","","","",,,,,"",,,,"Extension",0,*,"","ele-1:All FHIR elements must have a @value or children {hasValue() or (children().count() > id.count())}
ext-1:Must have either extensions or value[x], not both {extension.exists() != value.exists()}"
"tk-api-specification-category","Extension.id","Extension.id","","","",0,1,"","","","id {[]} {[]}
","Unique id for inter-element referencing","Unique id for the element within a resource (for internal references). This may be any string value that does not contain spaces.","","","","","","","","","",,,,,"",,,,"Element.id",0,1,"ele-1
",""
"tk-api-specification-category","Extension.extension","Extension.extension","","","",0,0,"","","","Extension {[]} {[]}
","Extension","An Extension","","","","","","","","","",,,,,"","value:url}
","Extensions are always sliced by (at least) url",,"open","Element.extension",0,*,"","ele-1:All FHIR elements must have a @value or children {hasValue() or (children().count() > id.count())}
ext-1:Must have either extensions or value[x], not both {extension.exists() != value.exists()}"
"tk-api-specification-category","Extension.url","Extension.url","","","",1,1,"","","","uri {[]} {[]}
","identifies the meaning of the extension","Source of the definition for the extension code - a logical name or a URL.","The definition may point directly to a computable or human-readable definition of the extensibility codes, or it may be a logical URI as declared in some other specification. The definition SHALL be a URI for the Structure Definition defining the extension.","","","","<valueUri xmlns=""http://hl7.org/fhir"" value=""https://fhir.inera.se/ig/tjanstekatalog/StructureDefinition/tk-api-specification-category""/>","","","","",,,,,"",,,,"Extension.url",1,1,"",""
"tk-api-specification-category","Extension.value[x]","Extension.value[x]","","","",1,1,"","","","CodeableConcept {[]} {[]}
","Value of extension","Value of extension - must be one of a constrained set of the data types (see [Extensibility](http://hl7.org/fhir/R5/extensibility.html) for a list).","","","","","","","","","",,,,,"",,,,"Extension.value[x]",0,1,"ext-1
","ele-1:All FHIR elements must have a @value or children {hasValue() or (children().count() > id.count())}
"
"tk-api-specification-source-reference","Extension","Extension","","","",0,*,"","","","null {[]} {[]}
","Referens till källa","Länk till specifikationens källa/publiceringsplats (t.ex. dokumentation eller repository), skild från den kanoniska maskinidentiteten CapabilityStatement.url (API-specifikation.referensTillKälla i informationsunderlaget).","","","","","","","","","",,,,,"",,,,"Extension",0,*,"","ele-1:All FHIR elements must have a @value or children {hasValue() or (children().count() > id.count())}
ext-1:Must have either extensions or value[x], not both {extension.exists() != value.exists()}"
"tk-api-specification-source-reference","Extension.id","Extension.id","","","",0,1,"","","","id {[]} {[]}
","Unique id for inter-element referencing","Unique id for the element within a resource (for internal references). This may be any string value that does not contain spaces.","","","","","","","","","",,,,,"",,,,"Element.id",0,1,"ele-1
",""
"tk-api-specification-source-reference","Extension.extension","Extension.extension","","","",0,0,"","","","Extension {[]} {[]}
","Extension","An Extension","","","","","","","","","",,,,,"","value:url}
","Extensions are always sliced by (at least) url",,"open","Element.extension",0,*,"","ele-1:All FHIR elements must have a @value or children {hasValue() or (children().count() > id.count())}
ext-1:Must have either extensions or value[x], not both {extension.exists() != value.exists()}"
"tk-api-specification-source-reference","Extension.url","Extension.url","","","",1,1,"","","","uri {[]} {[]}
","identifies the meaning of the extension","Source of the definition for the extension code - a logical name or a URL.","The definition may point directly to a computable or human-readable definition of the extensibility codes, or it may be a logical URI as declared in some other specification. The definition SHALL be a URI for the Structure Definition defining the extension.","","","","<valueUri xmlns=""http://hl7.org/fhir"" value=""https://fhir.inera.se/ig/tjanstekatalog/StructureDefinition/tk-api-specification-source-reference""/>","","","","",,,,,"",,,,"Extension.url",1,1,"",""
"tk-api-specification-source-reference","Extension.value[x]","Extension.value[x]","","","",1,1,"","","","url {[]} {[]}
","Value of extension","Value of extension - must be one of a constrained set of the data types (see [Extensibility](http://hl7.org/fhir/R5/extensibility.html) for a list).","","","","","","","","","",,,,,"",,,,"Extension.value[x]",0,1,"ext-1
","ele-1:All FHIR elements must have a @value or children {hasValue() or (children().count() > id.count())}
"
"tk-capabilitystatement-responsible-organization","Extension","Extension","","","",0,*,"","","","null {[]} {[]}
","Ansvarig organisation (strukturerad referens)","Strukturerad referens till organisationen som ansvarar för en TKAPISpecificationCapability (API-specifikation.ansvarigUtgivare i informationsunderlaget). Komplement till CapabilityStatement.publisher (string).","","","","","","","","","",,,,,"",,,,"Extension",0,*,"","ele-1:All FHIR elements must have a @value or children {hasValue() or (children().count() > id.count())}
ext-1:Must have either extensions or value[x], not both {extension.exists() != value.exists()}"
"tk-capabilitystatement-responsible-organization","Extension.id","Extension.id","","","",0,1,"","","","id {[]} {[]}
","Unique id for inter-element referencing","Unique id for the element within a resource (for internal references). This may be any string value that does not contain spaces.","","","","","","","","","",,,,,"",,,,"Element.id",0,1,"ele-1
",""
"tk-capabilitystatement-responsible-organization","Extension.extension","Extension.extension","","","",0,0,"","","","Extension {[]} {[]}
","Extension","An Extension","","","","","","","","","",,,,,"","value:url}
","Extensions are always sliced by (at least) url",,"open","Element.extension",0,*,"","ele-1:All FHIR elements must have a @value or children {hasValue() or (children().count() > id.count())}
ext-1:Must have either extensions or value[x], not both {extension.exists() != value.exists()}"
"tk-capabilitystatement-responsible-organization","Extension.url","Extension.url","","","",1,1,"","","","uri {[]} {[]}
","identifies the meaning of the extension","Source of the definition for the extension code - a logical name or a URL.","The definition may point directly to a computable or human-readable definition of the extensibility codes, or it may be a logical URI as declared in some other specification. The definition SHALL be a URI for the Structure Definition defining the extension.","","","","<valueUri xmlns=""http://hl7.org/fhir"" value=""https://fhir.inera.se/ig/tjanstekatalog/StructureDefinition/tk-capabilitystatement-responsible-organization""/>","","","","",,,,,"",,,,"Extension.url",1,1,"",""
"tk-capabilitystatement-responsible-organization","Extension.value[x]","Extension.value[x]","","","",1,1,"","","","Reference {[]} {[CanonicalType[https://fhir.inera.se/ig/tjanstekatalog/StructureDefinition/tk-organization]]}
","Value of extension","Value of extension - must be one of a constrained set of the data types (see [Extensibility](http://hl7.org/fhir/R5/extensibility.html) for a list).","","","","","","","","","",,,,,"",,,,"Extension.value[x]",0,1,"ext-1
","ele-1:All FHIR elements must have a @value or children {hasValue() or (children().count() > id.count())}
"
"tk-endpoint-authorization-server-url","Extension","Extension","","","",0,*,"","","","null {[]} {[]}
","URL till auktorisationsserver","URL till den auktorisationsserver (t.ex. OAuth 2.0-token-endpoint) som klienter ska använda för att erhålla åtkomst till ändpunkten (Ändpunkt.urlTillAuktorisationsserver i informationsunderlaget). Relevant framför allt när Ändpunkt.säkerhetsmetod anger en OAuth 2.0-baserad metod.","","","","","","","","","",,,,,"",,,,"Extension",0,*,"","ele-1:All FHIR elements must have a @value or children {hasValue() or (children().count() > id.count())}
ext-1:Must have either extensions or value[x], not both {extension.exists() != value.exists()}"
"tk-endpoint-authorization-server-url","Extension.id","Extension.id","","","",0,1,"","","","id {[]} {[]}
","Unique id for inter-element referencing","Unique id for the element within a resource (for internal references). This may be any string value that does not contain spaces.","","","","","","","","","",,,,,"",,,,"Element.id",0,1,"ele-1
",""
"tk-endpoint-authorization-server-url","Extension.extension","Extension.extension","","","",0,0,"","","","Extension {[]} {[]}
","Extension","An Extension","","","","","","","","","",,,,,"","value:url}
","Extensions are always sliced by (at least) url",,"open","Element.extension",0,*,"","ele-1:All FHIR elements must have a @value or children {hasValue() or (children().count() > id.count())}
ext-1:Must have either extensions or value[x], not both {extension.exists() != value.exists()}"
"tk-endpoint-authorization-server-url","Extension.url","Extension.url","","","",1,1,"","","","uri {[]} {[]}
","identifies the meaning of the extension","Source of the definition for the extension code - a logical name or a URL.","The definition may point directly to a computable or human-readable definition of the extensibility codes, or it may be a logical URI as declared in some other specification. The definition SHALL be a URI for the Structure Definition defining the extension.","","","","<valueUri xmlns=""http://hl7.org/fhir"" value=""https://fhir.inera.se/ig/tjanstekatalog/StructureDefinition/tk-endpoint-authorization-server-url""/>","","","","",,,,,"",,,,"Extension.url",1,1,"",""
"tk-endpoint-authorization-server-url","Extension.value[x]","Extension.value[x]","","","",1,1,"","","","url {[]} {[]}
","Value of extension","Value of extension - must be one of a constrained set of the data types (see [Extensibility](http://hl7.org/fhir/R5/extensibility.html) for a list).","","","","","","","","","",,,,,"",,,,"Extension.value[x]",0,1,"ext-1
","ele-1:All FHIR elements must have a @value or children {hasValue() or (children().count() > id.count())}
"
"tk-endpoint-payload-profile","Extension","Extension","","","",0,*,"","","","null {[]} {[]}
","Stödd specifikation (payload profile)","Kanonisk URL för en interoperabilitetsspecifikation (t.ex. en FHIR IG eller profil) som denna nyttolast/API stödjer. Motsvarar det kommande elementet Endpoint.payload.profile. Kan upprepas om nyttolasten stödjer flera specifikationer eller versioner.","","","","","","","","","",,,,,"",,,,"Extension",0,*,"","ele-1:All FHIR elements must have a @value or children {hasValue() or (children().count() > id.count())}
ext-1:Must have either extensions or value[x], not both {extension.exists() != value.exists()}"
"tk-endpoint-payload-profile","Extension.id","Extension.id","","","",0,1,"","","","id {[]} {[]}
","Unique id for inter-element referencing","Unique id for the element within a resource (for internal references). This may be any string value that does not contain spaces.","","","","","","","","","",,,,,"",,,,"Element.id",0,1,"ele-1
",""
"tk-endpoint-payload-profile","Extension.extension","Extension.extension","","","",0,0,"","","","Extension {[]} {[]}
","Extension","An Extension","","","","","","","","","",,,,,"","value:url}
","Extensions are always sliced by (at least) url",,"open","Element.extension",0,*,"","ele-1:All FHIR elements must have a @value or children {hasValue() or (children().count() > id.count())}
ext-1:Must have either extensions or value[x], not both {extension.exists() != value.exists()}"
"tk-endpoint-payload-profile","Extension.url","Extension.url","","","",1,1,"","","","uri {[]} {[]}
","identifies the meaning of the extension","Source of the definition for the extension code - a logical name or a URL.","The definition may point directly to a computable or human-readable definition of the extensibility codes, or it may be a logical URI as declared in some other specification. The definition SHALL be a URI for the Structure Definition defining the extension.","","","","<valueUri xmlns=""http://hl7.org/fhir"" value=""https://fhir.inera.se/ig/tjanstekatalog/StructureDefinition/tk-endpoint-payload-profile""/>","","","","",,,,,"",,,,"Extension.url",1,1,"",""
"tk-endpoint-payload-profile","Extension.value[x]","Extension.value[x]","","","",1,1,"","","","canonical {[]} {[]}
","Kanonisk URL till den stödda interoperabilitetsspecifikationen","Value of extension - must be one of a constrained set of the data types (see [Extensibility](http://hl7.org/fhir/R5/extensibility.html) for a list).","","","","","","","","","",,,,,"",,,,"Extension.value[x]",0,1,"ext-1
","ele-1:All FHIR elements must have a @value or children {hasValue() or (children().count() > id.count())}
"
"tk-endpoint-security-method","Extension","Extension","","","",0,*,"","","","null {[]} {[]}
","Säkerhetsmetod","Anger vilken säkerhetsmetod som skyddar åtkomst till ändpunkten (Ändpunkt.säkerhetsmetod i informationsunderlaget). Basresursen Endpoint saknar ett eget element för detta i R5.","","","","","","","","","",,,,,"",,,,"Extension",0,*,"","ele-1:All FHIR elements must have a @value or children {hasValue() or (children().count() > id.count())}
ext-1:Must have either extensions or value[x], not both {extension.exists() != value.exists()}"
"tk-endpoint-security-method","Extension.id","Extension.id","","","",0,1,"","","","id {[]} {[]}
","Unique id for inter-element referencing","Unique id for the element within a resource (for internal references). This may be any string value that does not contain spaces.","","","","","","","","","",,,,,"",,,,"Element.id",0,1,"ele-1
",""
"tk-endpoint-security-method","Extension.extension","Extension.extension","","","",0,0,"","","","Extension {[]} {[]}
","Extension","An Extension","","","","","","","","","",,,,,"","value:url}
","Extensions are always sliced by (at least) url",,"open","Element.extension",0,*,"","ele-1:All FHIR elements must have a @value or children {hasValue() or (children().count() > id.count())}
ext-1:Must have either extensions or value[x], not both {extension.exists() != value.exists()}"
"tk-endpoint-security-method","Extension.url","Extension.url","","","",1,1,"","","","uri {[]} {[]}
","identifies the meaning of the extension","Source of the definition for the extension code - a logical name or a URL.","The definition may point directly to a computable or human-readable definition of the extensibility codes, or it may be a logical URI as declared in some other specification. The definition SHALL be a URI for the Structure Definition defining the extension.","","","","<valueUri xmlns=""http://hl7.org/fhir"" value=""https://fhir.inera.se/ig/tjanstekatalog/StructureDefinition/tk-endpoint-security-method""/>","","","","",,,,,"",,,,"Extension.url",1,1,"",""
"tk-endpoint-security-method","Extension.value[x]","Extension.value[x]","","","",1,1,"","","","CodeableConcept {[]} {[]}
","Value of extension","Value of extension - must be one of a constrained set of the data types (see [Extensibility](http://hl7.org/fhir/R5/extensibility.html) for a list).","","","","","","","","","",,"example","","https://fhir.inera.se/ig/tjanstekatalog/ValueSet/tk-endpoint-security-method","",,,,"Extension.value[x]",0,1,"ext-1
","ele-1:All FHIR elements must have a @value or children {hasValue() or (children().count() > id.count())}
"
"tk-endpoint","Endpoint","Endpoint","","","",0,*,"","","","null {[]} {[]}
","The technical details of an endpoint that can be used for electronic services","The technical details of an endpoint that can be used for electronic services, such as for web services providing XDS.b, a REST endpoint for another FHIR server, or a s/Mime email address. This may include any security context information.","","","","","","","","","",,,,,"",,,,"Endpoint",0,*,"","dom-2:If the resource is contained in another resource, it SHALL NOT contain nested Resources {contained.contained.empty()}
dom-3:If the resource is contained in another resource, it SHALL be referred to from elsewhere in the resource or SHALL refer to the containing resource {contained.where((('#'+id in (%resource.descendants().reference | %resource.descendants().ofType(canonical) | %resource.descendants().ofType(uri) | %resource.descendants().ofType(url))) or descendants().where(reference = '#').exists() or descendants().where(ofType(canonical) = '#').exists() or descendants().where(ofType(canonical) = '#').exists()).not()).trace('unmatched', id).empty()}dom-4:If a resource is contained in another resource, it SHALL NOT have a meta.versionId or a meta.lastUpdated {contained.meta.versionId.empty() and contained.meta.lastUpdated.empty()}dom-5:If a resource is contained in another resource, it SHALL NOT have a security label {contained.meta.security.empty()}dom-6:A resource should have narrative for robust management {text.`div`.exists()}"
"tk-endpoint","Endpoint.id","Endpoint.id","","","",0,1,"Y","","Y","id {[]} {[]}
","Logical id of this artifact","The logical id of the resource, as used in the URL for the resource. Once assigned, this value never changes.","Within the context of the FHIR RESTful interactions, the resource has an id except for cases like the create and conditional update. Otherwise, the use of the resouce id depends on the given use case.","","","","","","","","",,,,,"",,,,"Resource.id",0,1,"",""
"tk-endpoint","Endpoint.meta","Endpoint.meta","","","",0,1,"","","Y","Meta {[]} {[]}
","Metadata about the resource","The metadata about the resource. This is content that is maintained by the infrastructure. Changes to the content might not always be associated with version changes to the resource.","","","","","","","","","",,,,,"",,,,"Resource.meta",0,1,"","ele-1:All FHIR elements must have a @value or children {hasValue() or (children().count() > id.count())}
"
"tk-endpoint","Endpoint.implicitRules","Endpoint.implicitRules","","","",0,1,"","Y","Y","uri {[]} {[]}
","A set of rules under which this content was created","A reference to a set of rules that were followed when the resource was constructed, and which must be understood when processing the content. Often, this is a reference to an implementation guide that defines the special rules along with other profiles etc.","Asserting this rule set restricts the content to be only understood by a limited set of trading partners. This inherently limits the usefulness of the data in the long term. However, the existing health eco-system is highly fractured, and not yet ready to define, collect, and exchange data in a generally computable sense. Wherever possible, implementers and/or specification writers should avoid using this element. Often, when used, the URL is a reference to an implementation guide that defines these special rules as part of its narrative along with other profiles, value sets, etc.","","","","","","","","",,,,,"",,,,"Resource.implicitRules",0,1,"","ele-1:All FHIR elements must have a @value or children {hasValue() or (children().count() > id.count())}
"
"tk-endpoint","Endpoint.language","Endpoint.language","","","",0,1,"","","","code {[]} {[]}
","Language of the resource content","The base language in which the resource is written.","Language is provided to support indexing and accessibility (typically, services such as text to speech use the language tag). The html language tag in the narrative applies  to the narrative. The language tag on the resource may be used to specify the language of other presentations generated from the data in the resource. Not all the content has to be in the base language. The Resource.language should not be assumed to apply to the narrative automatically. If a language is specified, it should it also be specified on the div element in the html (see rules in HTML5 for information about the relationship between xml:lang and the html lang attribute).","","","","","","","","",,"required","IETF language tag for a human language","http://hl7.org/fhir/ValueSet/all-languages|5.0.0","",,,,"Resource.language",0,1,"","ele-1:All FHIR elements must have a @value or children {hasValue() or (children().count() > id.count())}
"
"tk-endpoint","Endpoint.text","Endpoint.text","","narrative
htmlxhtmldisplay","",0,1,"","","","Narrative {[]} {[]}
","Text summary of the resource, for human interpretation","A human-readable narrative that contains a summary of the resource and can be used to represent the content of the resource to a human. The narrative need not encode all the structured data, but is required to contain sufficient detail to make it ""clinically safe"" for a human to just read the narrative. Resource definitions may define what content should be represented in the narrative to ensure clinical safety.","Contained resources do not have a narrative. Resources that are not contained SHOULD have a narrative. In some cases, a resource may only have text with little or no additional discrete data (as long as all minOccurs=1 elements are satisfied).  This may be necessary for data from legacy systems where information is captured as a ""text blob"" or where text is additionally entered raw or narrated and encoded information is added later.","","","","","","","","",,,,,"",,,,"DomainResource.text",0,1,"dom-6
","ele-1:All FHIR elements must have a @value or children {hasValue() or (children().count() > id.count())}
"
"tk-endpoint","Endpoint.contained","Endpoint.contained","","inline resources
anonymous resourcescontained resources","",0,*,"","","","Resource {[]} {[]}
","Contained, inline Resources","These resources do not have an independent existence apart from the resource that contains them - they cannot be identified independently, nor can they have their own independent transaction scope. This is allowed to be a Parameters resource if and only if it is referenced by a resource that provides context/meaning.","This should never be done when the content can be identified properly, as once identification is lost, it is extremely difficult (and context dependent) to restore it again. Contained resources may have profiles and tags in their meta elements, but SHALL NOT have security labels.","","","","","","","","",,,,,"",,,,"DomainResource.contained",0,*,"dom-2
dom-4dom-3dom-5",""
"tk-endpoint","Endpoint.extension","Endpoint.extension","","","",0,*,"","","","Extension {[]} {[]}
","Extension","An Extension","","","","","","","","","",,,,,"","value:url}
","",,"open","DomainResource.extension",0,*,"","ele-1:All FHIR elements must have a @value or children {hasValue() or (children().count() > id.count())}
ext-1:Must have either extensions or value[x], not both {extension.exists() != value.exists()}"
"tk-endpoint","Endpoint.extension:securityMethod","Endpoint.extension","securityMethod","","",0,1,"Y","","","Extension {[CanonicalType[https://fhir.inera.se/ig/tjanstekatalog/StructureDefinition/tk-endpoint-security-method]]} {[]}
","Säkerhetsmetod","Anger vilken säkerhetsmetod som skyddar åtkomst till ändpunkten (Ändpunkt.säkerhetsmetod i informationsunderlaget). Basresursen Endpoint saknar ett eget element för detta i R5.","","","","","","","","","",,,,,"",,,,"DomainResource.extension",0,*,"","ele-1:All FHIR elements must have a @value or children {hasValue() or (children().count() > id.count())}
ext-1:Must have either extensions or value[x], not both {extension.exists() != value.exists()}"
"tk-endpoint","Endpoint.extension:authorizationServerUrl","Endpoint.extension","authorizationServerUrl","","",0,1,"Y","","","Extension {[CanonicalType[https://fhir.inera.se/ig/tjanstekatalog/StructureDefinition/tk-endpoint-authorization-server-url]]} {[]}
","URL till auktorisationsserver","URL till den auktorisationsserver (t.ex. OAuth 2.0-token-endpoint) som klienter ska använda för att erhålla åtkomst till ändpunkten (Ändpunkt.urlTillAuktorisationsserver i informationsunderlaget). Relevant framför allt när Ändpunkt.säkerhetsmetod anger en OAuth 2.0-baserad metod.","","","","","","","","","",,,,,"",,,,"DomainResource.extension",0,*,"","ele-1:All FHIR elements must have a @value or children {hasValue() or (children().count() > id.count())}
ext-1:Must have either extensions or value[x], not both {extension.exists() != value.exists()}"
"tk-endpoint","Endpoint.modifierExtension","Endpoint.modifierExtension","","extensions
user content","",0,*,"","Y","Y","Extension {[]} {[]}
","Extensions that cannot be ignored","May be used to represent additional information that is not part of the basic definition of the resource and that modifies the understanding of the element that contains it and/or the understanding of the containing element's descendants. Usually modifier elements provide negation or qualification. To make the use of extensions safe and managable, there is a strict set of governance applied to the definition and use of extensions. Though any implementer is allowed to define an extension, there is a set of requirements that SHALL be met as part of the definition of the extension. Applications processing a resource are required to check for modifier extensions.

Modifier extensions SHALL NOT change the meaning of any elements on Resource or DomainResource (including cannot change the meaning of modifierExtension itself).","There can be no stigma associated with the use of extensions by any application, project, or standard - regardless of the institution or jurisdiction that uses or defines the extensions.  The use of extensions is what allows the FHIR specification to retain a core level of simplicity for everyone.","Modifier extensions allow for extensions that *cannot* be safely ignored to be clearly distinguished from the vast majority of extensions which can be safely ignored.  This promotes interoperability by eliminating the need for implementers to prohibit the presence of extensions. For further information, see the [definition of modifier extensions](http://hl7.org/fhir/R5/extensibility.html#modifierExtension).","","","","","","","",,,,,"",,,,"DomainResource.modifierExtension",0,*,"","ele-1:All FHIR elements must have a @value or children {hasValue() or (children().count() > id.count())}
ext-1:Must have either extensions or value[x], not both {extension.exists() != value.exists()}"
"tk-endpoint","Endpoint.identifier","Endpoint.identifier","","","",0,*,"Y","","Y","Identifier {[]} {[]}
","Ändpunktsidentifierare, inklusive EHM:s motsvarande id","Identifier for the organization that is used to identify the endpoint across multiple disparate systems.","","","","","","","","","",,,,,"","value:system}
","",,"open","Endpoint.identifier",0,*,"","ele-1:All FHIR elements must have a @value or children {hasValue() or (children().count() > id.count())}
"
"tk-endpoint","Endpoint.identifier:ehmEndpointId","Endpoint.identifier","ehmEndpointId","","",0,1,"Y","","Y","Identifier {[]} {[]}
","Identifies this endpoint across multiple systems","Identifier for the organization that is used to identify the endpoint across multiple disparate systems.","","","","","","","","","",,,,,"",,,,"Endpoint.identifier",0,*,"","ele-1:All FHIR elements must have a @value or children {hasValue() or (children().count() > id.count())}
"
"tk-endpoint","Endpoint.identifier:ehmEndpointId.id","Endpoint.identifier.id","","","",0,1,"","","","id {[]} {[]}
","Unique id for inter-element referencing","Unique id for the element within a resource (for internal references). This may be any string value that does not contain spaces.","","","","","","","","","",,,,,"",,,,"Element.id",0,1,"ele-1
",""
"tk-endpoint","Endpoint.identifier:ehmEndpointId.extension","Endpoint.identifier.extension","","extensions
user content","",0,*,"","","","Extension {[]} {[]}
","Additional content defined by implementations","May be used to represent additional information that is not part of the basic definition of the element. To make the use of extensions safe and managable, there is a strict set of governance applied to the definition and use of extensions. Though any implementer can define an extension, there is a set of requirements that SHALL be met as part of the definition of the extension.","There can be no stigma associated with the use of extensions by any application, project, or standard - regardless of the institution or jurisdiction that uses or defines the extensions.  The use of extensions is what allows the FHIR specification to retain a core level of simplicity for everyone.","","","","","","","","",,,,,"","value:url}
","Extensions are always sliced by (at least) url",,"open","Element.extension",0,*,"","ele-1:All FHIR elements must have a @value or children {hasValue() or (children().count() > id.count())}
ext-1:Must have either extensions or value[x], not both {extension.exists() != value.exists()}"
"tk-endpoint","Endpoint.identifier:ehmEndpointId.use","Endpoint.identifier.use","","","",0,1,"","Y","Y","code {[]} {[]}
","usual | official | temp | secondary | old (If known)","The purpose of this identifier.","Applications can assume that an identifier is permanent unless it explicitly says that it is temporary.","Allows the appropriate identifier for a particular context of use to be selected from among a set of identifiers.","","","","","","","",,"required","Identifies the purpose for this identifier, if known .","http://hl7.org/fhir/ValueSet/identifier-use|5.0.0","",,,,"Identifier.use",0,1,"","ele-1:All FHIR elements must have a @value or children {hasValue() or (children().count() > id.count())}
"
"tk-endpoint","Endpoint.identifier:ehmEndpointId.type","Endpoint.identifier.type","","","",0,1,"","","Y","CodeableConcept {[]} {[]}
","Description of identifier","A coded type for the identifier that can be used to determine which identifier to use for a specific purpose.","This element deals only with general categories of identifiers.  It SHOULD not be used for codes that correspond 1..1 with the Identifier.system. Some identifiers may fall into multiple categories due to common usage.   Where the system is known, a type is unnecessary because the type is always part of the system definition. However systems often need to handle identifiers where the system is not known. There is not a 1:1 relationship between type and system, since many different systems have the same type.","Allows users to make use of identifiers when the identifier system is not known.","","","","","","","",,"extensible","A coded type for an identifier that can be used to determine which identifier to use for a specific purpose.","http://hl7.org/fhir/ValueSet/identifier-type|5.0.0","",,,,"Identifier.type",0,1,"","ele-1:All FHIR elements must have a @value or children {hasValue() or (children().count() > id.count())}
"
"tk-endpoint","Endpoint.identifier:ehmEndpointId.system","Endpoint.identifier.system","","","",1,1,"","","Y","uri {[]} {[]}
","The namespace for the identifier value","Establishes the namespace for the value - that is, an absolute URL that describes a set values that are unique.","Identifier.system is always case sensitive.","There are many sets  of identifiers.  To perform matching of two identifiers, we need to know what set we're dealing with. The system identifies a particular set of unique identifiers.","","","","<valueUri xmlns=""http://hl7.org/fhir"" value=""http://electronichealth.se/fhir/NDI/Endpoint""/>","<valueUri xmlns=""http://hl7.org/fhir"" value=""http://www.acme.com/identifiers/patient""/>","","",,,,,"",,,,"Identifier.system",0,1,"","ele-1:All FHIR elements must have a @value or children {hasValue() or (children().count() > id.count())}
"
"tk-endpoint","Endpoint.identifier:ehmEndpointId.value","Endpoint.identifier.value","","","",1,1,"Y","","Y","string {[]} {[]}
","EHM:s logiska id (UUID) för samma ändpunkt i deras register","The portion of the identifier typically relevant to the user and which is unique within the context of the system.","If the value is a full URI, then the system SHALL be urn:ietf:rfc:3986.  The value's primary purpose is computational mapping.  As a result, it may be normalized for comparison purposes (e.g. removing non-significant whitespace, dashes, etc.)  A value formatted for human display can be conveyed using the [http://hl7.org/fhir/StructureDefinition/rendered-value](http://hl7.org/fhir/extensions/StructureDefinition-rendered-value.html)). Identifier.value is to be treated as case sensitive unless knowledge of the Identifier.system allows the processer to be confident that non-case-sensitive processing is safe.","","","","","","<valueString xmlns=""http://hl7.org/fhir"" value=""123456""/>","","",,,,,"",,,,"Identifier.value",0,1,"ident-1
","ele-1:All FHIR elements must have a @value or children {hasValue() or (children().count() > id.count())}
"
"tk-endpoint","Endpoint.identifier:ehmEndpointId.period","Endpoint.identifier.period","","","",0,1,"","","Y","Period {[]} {[]}
","Time period when id is/was valid for use","Time period during which identifier is/was valid for use.","","","","","","","","","",,,,,"",,,,"Identifier.period",0,1,"","ele-1:All FHIR elements must have a @value or children {hasValue() or (children().count() > id.count())}
"
"tk-endpoint","Endpoint.identifier:ehmEndpointId.assigner","Endpoint.identifier.assigner","","","",0,1,"","","Y","Reference {[]} {[CanonicalType[http://hl7.org/fhir/StructureDefinition/Organization|5.0.0]]}
","Organization that issued id (may be just text)","Organization that issued/manages the identifier.","The Identifier.assigner may omit the .reference element and only contain a .display element reflecting the name or other textual information about the assigning organization.","","","","","","","","",,,,,"",,,,"Identifier.assigner",0,1,"","ele-1:All FHIR elements must have a @value or children {hasValue() or (children().count() > id.count())}
"
"tk-endpoint","Endpoint.status","Endpoint.status","","","",1,1,"Y","Y","Y","code {[]} {[]}
","active | suspended | error | off | entered-in-error | test","The endpoint status represents the general expected availability of an endpoint.","This element is labeled as a modifier because the status contains codes that mark the endpoint as not currently valid. Temporary downtimes or other unexpected short-term changes in availability would not be represented in this property.","","","","","","","","",,"required","The status of the endpoint.","http://hl7.org/fhir/ValueSet/endpoint-status|5.0.0","",,,,"Endpoint.status",1,1,"","ele-1:All FHIR elements must have a @value or children {hasValue() or (children().count() > id.count())}
"
"tk-endpoint","Endpoint.connectionType","Endpoint.connectionType","","","",1,*,"Y","","Y","CodeableConcept {[]} {[]}
","Protokoll som ändpunkten stödjer","A coded value that represents the technical details of the usage of this endpoint, such as what WSDLs should be used in what way. (e.g. XDS.b/DICOM/cds-hook).","For additional connectivity details for the protocol, extensions will be used at this point, as in the XDS example. If there are multiple payload types or mimetypes they are all applicable for all connection types, and all have the same status.","","","","","","","","",,"example","","http://hl7.org/fhir/ValueSet/endpoint-connection-type|5.0.0","",,,,"Endpoint.connectionType",1,*,"","ele-1:All FHIR elements must have a @value or children {hasValue() or (children().count() > id.count())}
"
"tk-endpoint","Endpoint.name","Endpoint.name","","","",1,1,"Y","","Y","string {[]} {[]}
","Ändpunktens namn","A friendly name that this endpoint can be referred to with.","","","","","","","","","",,,,,"",,,,"Endpoint.name",0,1,"","ele-1:All FHIR elements must have a @value or children {hasValue() or (children().count() > id.count())}
"
"tk-endpoint","Endpoint.description","Endpoint.description","","","",0,1,"","","Y","string {[]} {[]}
","Additional details about the endpoint that could be displayed as further information to identify the description beyond its name","The description of the endpoint and what it is for (typically used as supplemental information in an endpoint directory describing its usage/purpose).","","","","","","","","","",,,,,"",,,,"Endpoint.description",0,1,"","ele-1:All FHIR elements must have a @value or children {hasValue() or (children().count() > id.count())}
"
"tk-endpoint","Endpoint.environmentType","Endpoint.environmentType","","","",0,*,"","","Y","CodeableConcept {[]} {[]}
","The type of environment(s) exposed at this endpoint","The type of environment(s) exposed at this endpoint (dev, prod, test, etc.).","","","","","","","","","",,"extensible","","http://hl7.org/fhir/ValueSet/endpoint-environment|5.0.0","",,,,"Endpoint.environmentType",0,*,"","ele-1:All FHIR elements must have a @value or children {hasValue() or (children().count() > id.count())}
"
"tk-endpoint","Endpoint.managingOrganization","Endpoint.managingOrganization","","","",1,1,"Y","","Y","Reference {[]} {[CanonicalType[https://fhir.inera.se/ig/tjanstekatalog/StructureDefinition/tk-organization]]}
","Förvaltande organisation (""förvaltar"")","The organization that manages this endpoint (even if technically another organization is hosting this in the cloud, it is the organization associated with the data).","This property is not typically used when searching for Endpoint resources for usage. The typical usage is via the reference from an applicable Organization/Location/Practitioner resource, which is where the context is provided. Multiple Locations may reference a single endpoint, and don't have to be within the same organization resource, but most likely within the same organizational hierarchy.","","","","","","","","",,,,,"",,,,"Endpoint.managingOrganization",0,1,"","ele-1:All FHIR elements must have a @value or children {hasValue() or (children().count() > id.count())}
"
"tk-endpoint","Endpoint.contact","Endpoint.contact","","","",0,*,"","","","ContactPoint {[]} {[]}
","Contact details for source (e.g. troubleshooting)","Contact details for a human to contact about the endpoint. The primary use of this for system administrator troubleshooting.","","","","","","","","","",,,,,"",,,,"Endpoint.contact",0,*,"","ele-1:All FHIR elements must have a @value or children {hasValue() or (children().count() > id.count())}
"
"tk-endpoint","Endpoint.period","Endpoint.period","","","",0,1,"Y","","Y","Period {[]} {[]}
","Interval the endpoint is expected to be operational","The interval during which the endpoint is expected to be operational.","Temporary downtimes or other short-term changes in availability would not be represented in this property.","","","","","","","","",,,,,"",,,,"Endpoint.period",0,1,"","ele-1:All FHIR elements must have a @value or children {hasValue() or (children().count() > id.count())}
"
"tk-endpoint","Endpoint.period.id","Endpoint.period.id","","","",0,1,"","","","id {[]} {[]}
","Unique id for inter-element referencing","Unique id for the element within a resource (for internal references). This may be any string value that does not contain spaces.","","","","","","","","","",,,,,"",,,,"Element.id",0,1,"ele-1
",""
"tk-endpoint","Endpoint.period.extension","Endpoint.period.extension","","extensions
user content","",0,*,"","","","Extension {[]} {[]}
","Additional content defined by implementations","May be used to represent additional information that is not part of the basic definition of the element. To make the use of extensions safe and managable, there is a strict set of governance applied to the definition and use of extensions. Though any implementer can define an extension, there is a set of requirements that SHALL be met as part of the definition of the extension.","There can be no stigma associated with the use of extensions by any application, project, or standard - regardless of the institution or jurisdiction that uses or defines the extensions.  The use of extensions is what allows the FHIR specification to retain a core level of simplicity for everyone.","","","","","","","","",,,,,"","value:url}
","Extensions are always sliced by (at least) url",,"open","Element.extension",0,*,"","ele-1:All FHIR elements must have a @value or children {hasValue() or (children().count() > id.count())}
ext-1:Must have either extensions or value[x], not both {extension.exists() != value.exists()}"
"tk-endpoint","Endpoint.period.start","Endpoint.period.start","","","",0,1,"Y","","Y","dateTime {[]} {[]}
","Starting time with inclusive boundary","The start of the period. The boundary is inclusive.","If the low element is missing, the meaning is that the low boundary is not known.","","","","","","","","",,,,,"",,,,"Period.start",0,1,"per-1
","ele-1:All FHIR elements must have a @value or children {hasValue() or (children().count() > id.count())}
"
"tk-endpoint","Endpoint.period.end","Endpoint.period.end","","","",0,1,"Y","","Y","dateTime {[]} {[]}
","End time with inclusive boundary, if not ongoing","The end of the period. If the end of the period is missing, it means no end was known or planned at the time the instance was created. The start may be in the past, and the end date in the future, which means that period is expected/planned to end at that time.","The end value includes any matching date/time. i.e. 2012-02-03T10:00:00 is in a period that has an end value of 2012-02-03.","","","If the end of the period is missing, it means that the period is ongoing","","","","","",,,,,"",,,,"Period.end",0,1,"per-1
","ele-1:All FHIR elements must have a @value or children {hasValue() or (children().count() > id.count())}
"
"tk-endpoint","Endpoint.payload","Endpoint.payload","","","",0,*,"Y","","","BackboneElement {[]} {[]}
","Set of payloads that are provided by this endpoint","The set of payloads that are provided/available at this endpoint.","Note that not all mimetypes or types will be listed under the one endpoint resource, there may be multiple instances that information for cases where other header data such as the endpoint address, active status/period etc. is different.","","","","","","","","",,,,,"",,,,"Endpoint.payload",0,*,"","ele-1:All FHIR elements must have a @value or children {hasValue() or (children().count() > id.count())}
"
"tk-endpoint","Endpoint.payload.id","Endpoint.payload.id","","","",0,1,"","","","string {[]} {[]}
","Unique id for inter-element referencing","Unique id for the element within a resource (for internal references). This may be any string value that does not contain spaces.","","","","","","","","","",,,,,"",,,,"Element.id",0,1,"ele-1
",""
"tk-endpoint","Endpoint.payload.extension","Endpoint.payload.extension","","","",0,*,"","","","Extension {[]} {[]}
","Extension","An Extension","","","","","","","","","",,,,,"","value:url}
","",,"open","Element.extension",0,*,"","ele-1:All FHIR elements must have a @value or children {hasValue() or (children().count() > id.count())}
ext-1:Must have either extensions or value[x], not both {extension.exists() != value.exists()}"
"tk-endpoint","Endpoint.payload.extension:supportedProfile","Endpoint.payload.extension","supportedProfile","","",0,*,"Y","","","Extension {[CanonicalType[https://fhir.inera.se/ig/tjanstekatalog/StructureDefinition/tk-endpoint-payload-profile]]} {[]}
","Stödd specifikation (payload profile)","Kanonisk URL för en interoperabilitetsspecifikation (t.ex. en FHIR IG eller profil) som denna nyttolast/API stödjer. Motsvarar det kommande elementet Endpoint.payload.profile. Kan upprepas om nyttolasten stödjer flera specifikationer eller versioner.","","","","","","","","","",,,,,"",,,,"Element.extension",0,*,"","ele-1:All FHIR elements must have a @value or children {hasValue() or (children().count() > id.count())}
ext-1:Must have either extensions or value[x], not both {extension.exists() != value.exists()}"
"tk-endpoint","Endpoint.payload.modifierExtension","Endpoint.payload.modifierExtension","","extensions
user contentmodifiers","",0,*,"","Y","Y","Extension {[]} {[]}
","Extensions that cannot be ignored even if unrecognized","May be used to represent additional information that is not part of the basic definition of the element and that modifies the understanding of the element in which it is contained and/or the understanding of the containing element's descendants. Usually modifier elements provide negation or qualification. To make the use of extensions safe and managable, there is a strict set of governance applied to the definition and use of extensions. Though any implementer can define an extension, there is a set of requirements that SHALL be met as part of the definition of the extension. Applications processing a resource are required to check for modifier extensions.

Modifier extensions SHALL NOT change the meaning of any elements on Resource or DomainResource (including cannot change the meaning of modifierExtension itself).","There can be no stigma associated with the use of extensions by any application, project, or standard - regardless of the institution or jurisdiction that uses or defines the extensions.  The use of extensions is what allows the FHIR specification to retain a core level of simplicity for everyone.","Modifier extensions allow for extensions that *cannot* be safely ignored to be clearly distinguished from the vast majority of extensions which can be safely ignored.  This promotes interoperability by eliminating the need for implementers to prohibit the presence of extensions. For further information, see the [definition of modifier extensions](http://hl7.org/fhir/R5/extensibility.html#modifierExtension).","","","","","","","",,,,,"",,,,"BackboneElement.modifierExtension",0,*,"","ele-1:All FHIR elements must have a @value or children {hasValue() or (children().count() > id.count())}
ext-1:Must have either extensions or value[x], not both {extension.exists() != value.exists()}"
"tk-endpoint","Endpoint.payload.type","Endpoint.payload.type","","","",1,1,"Y","","Y","CodeableConcept {[]} {[]}
","Vilket API/vilken typ av innehåll som tillgängliggörs","The payload type describes the acceptable content that can be communicated on the endpoint.","The mimeType describes the serialization format of the data, where the payload.type indicates the specific document/schema that is being transferred; e.g. DischargeSummary or CarePlan.","","","","","","","","",,"example","","http://hl7.org/fhir/ValueSet/endpoint-payload-type|5.0.0","",,,,"Endpoint.payload.type",0,*,"","ele-1:All FHIR elements must have a @value or children {hasValue() or (children().count() > id.count())}
"
"tk-endpoint","Endpoint.payload.mimeType","Endpoint.payload.mimeType","","","",0,*,"","","Y","code {[]} {[]}
","Mimetype to send. If not specified, the content could be anything (including no payload, if the connectionType defined this)","The mime type to send the payload in - e.g. application/fhir+xml, application/fhir+json. If the mime type is not specified, then the sender could send any content (including no content depending on the connectionType).","Sending the payload has obvious security consequences. The server is responsible for ensuring that the content is appropriately secured.","","","","","","","","",,"required","BCP 13 (RFCs 2045, 2046, 2047, 4288, 4289 and 2049)","http://hl7.org/fhir/ValueSet/mimetypes|5.0.0","",,,,"Endpoint.payload.mimeType",0,*,"","ele-1:All FHIR elements must have a @value or children {hasValue() or (children().count() > id.count())}
"
"tk-endpoint","Endpoint.address","Endpoint.address","","","",1,1,"Y","","Y","url {[]} {[]}
","Ändpunktens URL","The uri that describes the actual end-point to connect to.","For rest-hook, and websocket, the end-point must be an http: or https: URL; for email, a mailto: url, for sms, a tel: url, and for message the endpoint can be in any form of url the server understands (usually, http: or mllp:). The URI is allowed to be relative; in which case, it is relative to the server end-point (since there may be more than one, clients should avoid using relative URIs)

This address will be to the service base, without any parameters, or sub-services or resources tacked on.

E.g. for a WADO-RS endpoint, the url should be ""https://pacs.hospital.org/wado-rs""

and not ""https://pacs.hospital.org/wado-rs/studies/1.2.250.1.59.40211.12345678.678910/series/1.2.250.1.59.40211.789001276.14556172.67789/instances/..."".","","","","","","","","",,,,,"",,,,"Endpoint.address",1,1,"","ele-1:All FHIR elements must have a @value or children {hasValue() or (children().count() > id.count())}
"
"tk-endpoint","Endpoint.header","Endpoint.header","","","",0,*,"","","","string {[]} {[]}
","Usage depends on the channel type","Additional headers / information to send as part of the notification.","Exactly what these mean depends on the channel type. The can convey additional information to the recipient and/or meet security requirements.","","","","","","","","",,,,,"",,,,"Endpoint.header",0,*,"","ele-1:All FHIR elements must have a @value or children {hasValue() or (children().count() > id.count())}
"
"tk-indexpost","tk-indexpost","tk-indexpost","","","",0,*,"","","","null {[]} {[]}
","Indexpost (logisk modell)","Logisk modell för entiteten Indexpost i informationsunderlaget. Ej REST-exponerad i detta utkast av det administrativa API:et — se REQ-MDL-1.","","","","","","","","","",,,,,"",,,,"Base",0,*,"",""
"tk-indexpost","tk-indexpost.id","tk-indexpost.id","","","",1,1,"","","","id {[]} {[]}
","Indexpostens id","Unik identifierare för indexposten.","","","","","","","","","",,,,,"",,,,"tk-indexpost.id",1,1,"",""
"tk-indexpost","tk-indexpost.registreringstidpunkt","tk-indexpost.registreringstidpunkt","","","",1,1,"","","","instant {[]} {[]}
","Registreringstidpunkt","Tidpunkt då indexposten registrerades.","","","","","","","","","",,,,,"",,,,"tk-indexpost.registreringstidpunkt",1,1,"",""
"tk-indexpost","tk-indexpost.avser","tk-indexpost.avser","","","",1,1,"","","","Reference {[]} {[CanonicalType[https://fhir.inera.se/ig/tjanstekatalog/StructureDefinition/tk-organization], CanonicalType[https://fhir.inera.se/ig/tjanstekatalog/StructureDefinition/tk-vard-och-omsorgstagare]]}
","Avser","Vad indexposten avser: antingen en organisation eller en vård- och omsorgstagare.","","","","","","","","","",,,,,"",,,,"tk-indexpost.avser",1,1,"",""
"tk-organization","Organization","Organization","","","",0,*,"","","","null {[]} {[]}
","A grouping of people or organizations with a common purpose","A formally or informally recognized grouping of people or organizations formed for the purpose of achieving some form of collective action.  Includes companies, institutions, corporations, departments, community groups, healthcare practice groups, payer/insurer, etc.","","","","","","","","","",,,,,"",,,,"Organization",0,*,"","dom-2:If the resource is contained in another resource, it SHALL NOT contain nested Resources {contained.contained.empty()}
dom-3:If the resource is contained in another resource, it SHALL be referred to from elsewhere in the resource or SHALL refer to the containing resource {contained.where((('#'+id in (%resource.descendants().reference | %resource.descendants().ofType(canonical) | %resource.descendants().ofType(uri) | %resource.descendants().ofType(url))) or descendants().where(reference = '#').exists() or descendants().where(ofType(canonical) = '#').exists() or descendants().where(ofType(canonical) = '#').exists()).not()).trace('unmatched', id).empty()}dom-4:If a resource is contained in another resource, it SHALL NOT have a meta.versionId or a meta.lastUpdated {contained.meta.versionId.empty() and contained.meta.lastUpdated.empty()}dom-5:If a resource is contained in another resource, it SHALL NOT have a security label {contained.meta.security.empty()}dom-6:A resource should have narrative for robust management {text.`div`.exists()}org-1:The organization SHALL at least have a name or an identifier, and possibly more than one {(identifier.count() + name.count()) > 0}"
"tk-organization","Organization.id","Organization.id","","","",0,1,"Y","","Y","id {[]} {[]}
","Logical id of this artifact","The logical id of the resource, as used in the URL for the resource. Once assigned, this value never changes.","Within the context of the FHIR RESTful interactions, the resource has an id except for cases like the create and conditional update. Otherwise, the use of the resouce id depends on the given use case.","","","","","","","","",,,,,"",,,,"Resource.id",0,1,"",""
"tk-organization","Organization.meta","Organization.meta","","","",0,1,"","","Y","Meta {[]} {[]}
","Metadata about the resource","The metadata about the resource. This is content that is maintained by the infrastructure. Changes to the content might not always be associated with version changes to the resource.","","","","","","","","","",,,,,"",,,,"Resource.meta",0,1,"","ele-1:All FHIR elements must have a @value or children {hasValue() or (children().count() > id.count())}
"
"tk-organization","Organization.implicitRules","Organization.implicitRules","","","",0,1,"","Y","Y","uri {[]} {[]}
","A set of rules under which this content was created","A reference to a set of rules that were followed when the resource was constructed, and which must be understood when processing the content. Often, this is a reference to an implementation guide that defines the special rules along with other profiles etc.","Asserting this rule set restricts the content to be only understood by a limited set of trading partners. This inherently limits the usefulness of the data in the long term. However, the existing health eco-system is highly fractured, and not yet ready to define, collect, and exchange data in a generally computable sense. Wherever possible, implementers and/or specification writers should avoid using this element. Often, when used, the URL is a reference to an implementation guide that defines these special rules as part of its narrative along with other profiles, value sets, etc.","","","","","","","","",,,,,"",,,,"Resource.implicitRules",0,1,"","ele-1:All FHIR elements must have a @value or children {hasValue() or (children().count() > id.count())}
"
"tk-organization","Organization.language","Organization.language","","","",0,1,"","","","code {[]} {[]}
","Language of the resource content","The base language in which the resource is written.","Language is provided to support indexing and accessibility (typically, services such as text to speech use the language tag). The html language tag in the narrative applies  to the narrative. The language tag on the resource may be used to specify the language of other presentations generated from the data in the resource. Not all the content has to be in the base language. The Resource.language should not be assumed to apply to the narrative automatically. If a language is specified, it should it also be specified on the div element in the html (see rules in HTML5 for information about the relationship between xml:lang and the html lang attribute).","","","","","","","","",,"required","IETF language tag for a human language","http://hl7.org/fhir/ValueSet/all-languages|5.0.0","",,,,"Resource.language",0,1,"","ele-1:All FHIR elements must have a @value or children {hasValue() or (children().count() > id.count())}
"
"tk-organization","Organization.text","Organization.text","","narrative
htmlxhtmldisplay","",0,1,"","","","Narrative {[]} {[]}
","Text summary of the resource, for human interpretation","A human-readable narrative that contains a summary of the resource and can be used to represent the content of the resource to a human. The narrative need not encode all the structured data, but is required to contain sufficient detail to make it ""clinically safe"" for a human to just read the narrative. Resource definitions may define what content should be represented in the narrative to ensure clinical safety.","Contained resources do not have a narrative. Resources that are not contained SHOULD have a narrative. In some cases, a resource may only have text with little or no additional discrete data (as long as all minOccurs=1 elements are satisfied).  This may be necessary for data from legacy systems where information is captured as a ""text blob"" or where text is additionally entered raw or narrated and encoded information is added later.","","","","","","","","",,,,,"",,,,"DomainResource.text",0,1,"dom-6
","ele-1:All FHIR elements must have a @value or children {hasValue() or (children().count() > id.count())}
"
"tk-organization","Organization.contained","Organization.contained","","inline resources
anonymous resourcescontained resources","",0,*,"","","","Resource {[]} {[]}
","Contained, inline Resources","These resources do not have an independent existence apart from the resource that contains them - they cannot be identified independently, nor can they have their own independent transaction scope. This is allowed to be a Parameters resource if and only if it is referenced by a resource that provides context/meaning.","This should never be done when the content can be identified properly, as once identification is lost, it is extremely difficult (and context dependent) to restore it again. Contained resources may have profiles and tags in their meta elements, but SHALL NOT have security labels.","","","","","","","","",,,,,"",,,,"DomainResource.contained",0,*,"dom-2
dom-4dom-3dom-5",""
"tk-organization","Organization.extension","Organization.extension","","extensions
user content","",0,*,"","","","Extension {[]} {[]}
","Additional content defined by implementations","May be used to represent additional information that is not part of the basic definition of the resource. To make the use of extensions safe and managable, there is a strict set of governance applied to the definition and use of extensions. Though any implementer can define an extension, there is a set of requirements that SHALL be met as part of the definition of the extension.","There can be no stigma associated with the use of extensions by any application, project, or standard - regardless of the institution or jurisdiction that uses or defines the extensions.  The use of extensions is what allows the FHIR specification to retain a core level of simplicity for everyone.","","","","","","","","",,,,,"",,,,"DomainResource.extension",0,*,"","ele-1:All FHIR elements must have a @value or children {hasValue() or (children().count() > id.count())}
ext-1:Must have either extensions or value[x], not both {extension.exists() != value.exists()}"
"tk-organization","Organization.modifierExtension","Organization.modifierExtension","","extensions
user content","",0,*,"","Y","Y","Extension {[]} {[]}
","Extensions that cannot be ignored","May be used to represent additional information that is not part of the basic definition of the resource and that modifies the understanding of the element that contains it and/or the understanding of the containing element's descendants. Usually modifier elements provide negation or qualification. To make the use of extensions safe and managable, there is a strict set of governance applied to the definition and use of extensions. Though any implementer is allowed to define an extension, there is a set of requirements that SHALL be met as part of the definition of the extension. Applications processing a resource are required to check for modifier extensions.

Modifier extensions SHALL NOT change the meaning of any elements on Resource or DomainResource (including cannot change the meaning of modifierExtension itself).","There can be no stigma associated with the use of extensions by any application, project, or standard - regardless of the institution or jurisdiction that uses or defines the extensions.  The use of extensions is what allows the FHIR specification to retain a core level of simplicity for everyone.","Modifier extensions allow for extensions that *cannot* be safely ignored to be clearly distinguished from the vast majority of extensions which can be safely ignored.  This promotes interoperability by eliminating the need for implementers to prohibit the presence of extensions. For further information, see the [definition of modifier extensions](http://hl7.org/fhir/R5/extensibility.html#modifierExtension).","","","","","","","",,,,,"",,,,"DomainResource.modifierExtension",0,*,"","ele-1:All FHIR elements must have a @value or children {hasValue() or (children().count() > id.count())}
ext-1:Must have either extensions or value[x], not both {extension.exists() != value.exists()}"
"tk-organization","Organization.identifier","Organization.identifier","","","",0,*,"Y","","Y","Identifier {[]} {[]}
","Organisationsidentifierare (""logisk adress""), inklusive organisationsnummer","Identifier for the organization that is used to identify the organization across multiple disparate systems.","","Organizations are known by a variety of ids. Some institutions maintain several, and most collect identifiers for exchange with other organizations concerning the organization.","","","","","","","",,,,,"","value:system}
","",,"open","Organization.identifier",0,*,"org-1
","ele-1:All FHIR elements must have a @value or children {hasValue() or (children().count() > id.count())}
"
"tk-organization","Organization.identifier:organisationsnummer","Organization.identifier","organisationsnummer","","",0,1,"Y","","Y","Identifier {[]} {[]}
","Identifies this organization  across multiple systems","Identifier for the organization that is used to identify the organization across multiple disparate systems.","","Organizations are known by a variety of ids. Some institutions maintain several, and most collect identifiers for exchange with other organizations concerning the organization.","","","","","","","",,,,,"",,,,"Organization.identifier",0,*,"org-1
","ele-1:All FHIR elements must have a @value or children {hasValue() or (children().count() > id.count())}
"
"tk-organization","Organization.identifier:organisationsnummer.id","Organization.identifier.id","","","",0,1,"","","","id {[]} {[]}
","Unique id for inter-element referencing","Unique id for the element within a resource (for internal references). This may be any string value that does not contain spaces.","","","","","","","","","",,,,,"",,,,"Element.id",0,1,"ele-1
",""
"tk-organization","Organization.identifier:organisationsnummer.extension","Organization.identifier.extension","","extensions
user content","",0,*,"","","","Extension {[]} {[]}
","Additional content defined by implementations","May be used to represent additional information that is not part of the basic definition of the element. To make the use of extensions safe and managable, there is a strict set of governance applied to the definition and use of extensions. Though any implementer can define an extension, there is a set of requirements that SHALL be met as part of the definition of the extension.","There can be no stigma associated with the use of extensions by any application, project, or standard - regardless of the institution or jurisdiction that uses or defines the extensions.  The use of extensions is what allows the FHIR specification to retain a core level of simplicity for everyone.","","","","","","","","",,,,,"","value:url}
","Extensions are always sliced by (at least) url",,"open","Element.extension",0,*,"","ele-1:All FHIR elements must have a @value or children {hasValue() or (children().count() > id.count())}
ext-1:Must have either extensions or value[x], not both {extension.exists() != value.exists()}"
"tk-organization","Organization.identifier:organisationsnummer.use","Organization.identifier.use","","","",0,1,"","Y","Y","code {[]} {[]}
","usual | official | temp | secondary | old (If known)","The purpose of this identifier.","Applications can assume that an identifier is permanent unless it explicitly says that it is temporary.","Allows the appropriate identifier for a particular context of use to be selected from among a set of identifiers.","","","","","","","",,"required","Identifies the purpose for this identifier, if known .","http://hl7.org/fhir/ValueSet/identifier-use|5.0.0","",,,,"Identifier.use",0,1,"","ele-1:All FHIR elements must have a @value or children {hasValue() or (children().count() > id.count())}
"
"tk-organization","Organization.identifier:organisationsnummer.type","Organization.identifier.type","","","",0,1,"","","Y","CodeableConcept {[]} {[]}
","Description of identifier","A coded type for the identifier that can be used to determine which identifier to use for a specific purpose.","This element deals only with general categories of identifiers.  It SHOULD not be used for codes that correspond 1..1 with the Identifier.system. Some identifiers may fall into multiple categories due to common usage.   Where the system is known, a type is unnecessary because the type is always part of the system definition. However systems often need to handle identifiers where the system is not known. There is not a 1:1 relationship between type and system, since many different systems have the same type.","Allows users to make use of identifiers when the identifier system is not known.","","","","","","","",,"extensible","A coded type for an identifier that can be used to determine which identifier to use for a specific purpose.","http://hl7.org/fhir/ValueSet/identifier-type|5.0.0","",,,,"Identifier.type",0,1,"","ele-1:All FHIR elements must have a @value or children {hasValue() or (children().count() > id.count())}
"
"tk-organization","Organization.identifier:organisationsnummer.system","Organization.identifier.system","","","",1,1,"","","Y","uri {[]} {[]}
","The namespace for the identifier value","Establishes the namespace for the value - that is, an absolute URL that describes a set values that are unique.","Identifier.system is always case sensitive.","There are many sets  of identifiers.  To perform matching of two identifiers, we need to know what set we're dealing with. The system identifies a particular set of unique identifiers.","","","","<valueUri xmlns=""http://hl7.org/fhir"" value=""urn:oid:2.5.4.97""/>","<valueUri xmlns=""http://hl7.org/fhir"" value=""http://www.acme.com/identifiers/patient""/>","","",,,,,"",,,,"Identifier.system",0,1,"","ele-1:All FHIR elements must have a @value or children {hasValue() or (children().count() > id.count())}
"
"tk-organization","Organization.identifier:organisationsnummer.value","Organization.identifier.value","","","",1,1,"Y","","Y","string {[]} {[]}
","Svenskt organisationsnummer","The portion of the identifier typically relevant to the user and which is unique within the context of the system.","If the value is a full URI, then the system SHALL be urn:ietf:rfc:3986.  The value's primary purpose is computational mapping.  As a result, it may be normalized for comparison purposes (e.g. removing non-significant whitespace, dashes, etc.)  A value formatted for human display can be conveyed using the [http://hl7.org/fhir/StructureDefinition/rendered-value](http://hl7.org/fhir/extensions/StructureDefinition-rendered-value.html)). Identifier.value is to be treated as case sensitive unless knowledge of the Identifier.system allows the processer to be confident that non-case-sensitive processing is safe.","","","","","","<valueString xmlns=""http://hl7.org/fhir"" value=""123456""/>","","",,,,,"",,,,"Identifier.value",0,1,"ident-1
","ele-1:All FHIR elements must have a @value or children {hasValue() or (children().count() > id.count())}
"
"tk-organization","Organization.identifier:organisationsnummer.period","Organization.identifier.period","","","",0,1,"","","Y","Period {[]} {[]}
","Time period when id is/was valid for use","Time period during which identifier is/was valid for use.","","","","","","","","","",,,,,"",,,,"Identifier.period",0,1,"","ele-1:All FHIR elements must have a @value or children {hasValue() or (children().count() > id.count())}
"
"tk-organization","Organization.identifier:organisationsnummer.assigner","Organization.identifier.assigner","","","",0,1,"","","Y","Reference {[]} {[CanonicalType[http://hl7.org/fhir/StructureDefinition/Organization|5.0.0]]}
","Organization that issued id (may be just text)","Organization that issued/manages the identifier.","The Identifier.assigner may omit the .reference element and only contain a .display element reflecting the name or other textual information about the assigning organization.","","","","","","","","",,,,,"",,,,"Identifier.assigner",0,1,"","ele-1:All FHIR elements must have a @value or children {hasValue() or (children().count() > id.count())}
"
"tk-organization","Organization.active","Organization.active","","","",0,1,"","Y","Y","boolean {[]} {[]}
","Whether the organization's record is still in active use","Whether the organization's record is still in active use.","This active flag is not intended to be used to mark an organization as temporarily closed or under construction. Instead the Location(s) within the Organization should have the suspended status. If further details of the reason for the suspension are required, then an extension on this element should be used.

This element is labeled as a modifier because it may be used to mark that the resource was created in error.","Need a flag to indicate a record is no longer to be used and should generally be hidden for the user in the UI.","","This resource is generally assumed to be active if no value is provided for the active element","","","","","",,,,,"",,,,"Organization.active",0,1,"","ele-1:All FHIR elements must have a @value or children {hasValue() or (children().count() > id.count())}
"
"tk-organization","Organization.type","Organization.type","","","",0,*,"","","Y","CodeableConcept {[]} {[]}
","Kind of organization","The kind(s) of organization that this is.","Organizations can be corporations, wards, sections, clinical teams, government departments, etc. Note that code is generally a classifier of the type of organization; in many applications, codes are used to identity a particular organization (say, ward) as opposed to another of the same type - these are identifiers, not codes

When considering if multiple types are appropriate, you should evaluate if child organizations would be a more appropriate use of the concept, as different types likely are in different sub-areas of the organization. This is most likely to be used where type values have orthogonal values, such as a religious, academic and medical center.

We expect that some jurisdictions will profile this optionality to be a single cardinality.","Need to be able to track the kind of organization that this is - different organization types have different uses.","","","","","","","",,"example","Used to categorize the organization.","http://hl7.org/fhir/ValueSet/organization-type|5.0.0","",,,,"Organization.type",0,*,"","ele-1:All FHIR elements must have a @value or children {hasValue() or (children().count() > id.count())}
"
"tk-organization","Organization.name","Organization.name","","","",1,1,"Y","","Y","string {[]} {[]}
","Organisationens namn","A name associated with the organization.","If the name of an organization changes, consider putting the old name in the alias column so that it can still be located through searches.","Need to use the name as the label of the organization.","","","","","","","",,,,,"",,,,"Organization.name",0,1,"org-1
","ele-1:All FHIR elements must have a @value or children {hasValue() or (children().count() > id.count())}
"
"tk-organization","Organization.alias","Organization.alias","","","",0,*,"","","","string {[]} {[]}
","A list of alternate names that the organization is known as, or was known as in the past","A list of alternate names that the organization is known as, or was known as in the past.","There are no dates associated with the alias/historic names, as this is not intended to track when names were used, but to assist in searching so that older names can still result in identifying the organization.","Over time locations and organizations go through many changes and can be known by different names.

For searching knowing previous names that the organization was known by can be very useful.","","","","","","","",,,,,"",,,,"Organization.alias",0,*,"","ele-1:All FHIR elements must have a @value or children {hasValue() or (children().count() > id.count())}
"
"tk-organization","Organization.description","Organization.description","","","",0,1,"","","Y","markdown {[]} {[]}
","Additional details about the Organization that could be displayed as further information to identify the Organization beyond its name","Description of the organization, which helps provide additional general context on the organization to ensure that the correct organization is selected.","","Humans need additional information to verify a correct Organization has been selected.","","","","","","","",,,,,"",,,,"Organization.description",0,1,"","ele-1:All FHIR elements must have a @value or children {hasValue() or (children().count() > id.count())}
"
"tk-organization","Organization.contact","Organization.contact","","","",0,*,"","","","ExtendedContactDetail {[]} {[]}
","Official contact details for the Organization","The contact details of communication devices available relevant to the specific Organization. This can include addresses, phone numbers, fax numbers, mobile numbers, email addresses and web sites.","The address/telecom use code 'home' are not to be used. Note that these contacts are not the contact details of people who provide the service (that would be through PractitionerRole), these are official contacts for the Organization itself for specific purposes. E.g. Mailing Addresses, Billing Addresses, Contact numbers for Booking or Billing Enquiries, general web address, web address for online bookings etc.","Need to keep track of assigned contact points within bigger organization.","","","","","","","",,,,,"",,,,"Organization.contact",0,*,"","ele-1:All FHIR elements must have a @value or children {hasValue() or (children().count() > id.count())}
org-3:The telecom of an organization can never be of use 'home' {telecom.where(use = 'home').empty()}org-4:The address of an organization can never be of use 'home' {address.where(use = 'home').empty()}"
"tk-organization","Organization.partOf","Organization.partOf","","","",0,1,"","","Y","Reference {[]} {[CanonicalType[http://hl7.org/fhir/StructureDefinition/Organization|5.0.0]]}
","The organization of which this organization forms a part","The organization of which this organization forms a part.","","Need to be able to track the hierarchy of organizations within an organization.","","","","","","","",,,,,"",,,,"Organization.partOf",0,1,"","ele-1:All FHIR elements must have a @value or children {hasValue() or (children().count() > id.count())}
"
"tk-organization","Organization.endpoint","Organization.endpoint","","","",0,*,"Y","","","Reference {[]} {[CanonicalType[https://fhir.inera.se/ig/tjanstekatalog/StructureDefinition/tk-endpoint]]}
","Ändpunkter organisationen listar i tjänstekatalogen (""har"")","Technical endpoints providing access to services operated for the organization.","","Organizations have multiple systems that provide various services and need to be able to define the technical connection details for how to connect to them, and for what purpose.","","","","","","","",,,,,"",,,,"Organization.endpoint",0,*,"","ele-1:All FHIR elements must have a @value or children {hasValue() or (children().count() > id.count())}
"
"tk-organization","Organization.qualification","Organization.qualification","","","",0,*,"","","","BackboneElement {[]} {[]}
","Qualifications, certifications, accreditations, licenses, training, etc. pertaining to the provision of care","The official certifications, accreditations, training, designations and licenses that authorize and/or otherwise endorse the provision of care by the organization.For example, an approval to provide a type of services issued by a certifying body (such as the US Joint Commission) to an organization.","","","","","","","","","",,,,,"",,,,"Organization.qualification",0,*,"","ele-1:All FHIR elements must have a @value or children {hasValue() or (children().count() > id.count())}
"
"tk-organization","Organization.qualification.id","Organization.qualification.id","","","",0,1,"","","","string {[]} {[]}
","Unique id for inter-element referencing","Unique id for the element within a resource (for internal references). This may be any string value that does not contain spaces.","","","","","","","","","",,,,,"",,,,"Element.id",0,1,"ele-1
",""
"tk-organization","Organization.qualification.extension","Organization.qualification.extension","","extensions
user content","",0,*,"","","","Extension {[]} {[]}
","Additional content defined by implementations","May be used to represent additional information that is not part of the basic definition of the element. To make the use of extensions safe and managable, there is a strict set of governance applied to the definition and use of extensions. Though any implementer can define an extension, there is a set of requirements that SHALL be met as part of the definition of the extension.","There can be no stigma associated with the use of extensions by any application, project, or standard - regardless of the institution or jurisdiction that uses or defines the extensions.  The use of extensions is what allows the FHIR specification to retain a core level of simplicity for everyone.","","","","","","","","",,,,,"",,,,"Element.extension",0,*,"","ele-1:All FHIR elements must have a @value or children {hasValue() or (children().count() > id.count())}
ext-1:Must have either extensions or value[x], not both {extension.exists() != value.exists()}"
"tk-organization","Organization.qualification.modifierExtension","Organization.qualification.modifierExtension","","extensions
user contentmodifiers","",0,*,"","Y","Y","Extension {[]} {[]}
","Extensions that cannot be ignored even if unrecognized","May be used to represent additional information that is not part of the basic definition of the element and that modifies the understanding of the element in which it is contained and/or the understanding of the containing element's descendants. Usually modifier elements provide negation or qualification. To make the use of extensions safe and managable, there is a strict set of governance applied to the definition and use of extensions. Though any implementer can define an extension, there is a set of requirements that SHALL be met as part of the definition of the extension. Applications processing a resource are required to check for modifier extensions.

Modifier extensions SHALL NOT change the meaning of any elements on Resource or DomainResource (including cannot change the meaning of modifierExtension itself).","There can be no stigma associated with the use of extensions by any application, project, or standard - regardless of the institution or jurisdiction that uses or defines the extensions.  The use of extensions is what allows the FHIR specification to retain a core level of simplicity for everyone.","Modifier extensions allow for extensions that *cannot* be safely ignored to be clearly distinguished from the vast majority of extensions which can be safely ignored.  This promotes interoperability by eliminating the need for implementers to prohibit the presence of extensions. For further information, see the [definition of modifier extensions](http://hl7.org/fhir/R5/extensibility.html#modifierExtension).","","","","","","","",,,,,"",,,,"BackboneElement.modifierExtension",0,*,"","ele-1:All FHIR elements must have a @value or children {hasValue() or (children().count() > id.count())}
ext-1:Must have either extensions or value[x], not both {extension.exists() != value.exists()}"
"tk-organization","Organization.qualification.identifier","Organization.qualification.identifier","","","",0,*,"","","","Identifier {[]} {[]}
","An identifier for this qualification for the organization","An identifier allocated to this qualification for this organization.","","Often, specific identities are assigned for the qualification by the assigning organization.","","","","","","","",,,,,"",,,,"Organization.qualification.identifier",0,*,"","ele-1:All FHIR elements must have a @value or children {hasValue() or (children().count() > id.count())}
"
"tk-organization","Organization.qualification.code","Organization.qualification.code","","","",1,1,"","","","CodeableConcept {[]} {[]}
","Coded representation of the qualification","Coded representation of the qualification.","","","","","","","","","",,"example","Specific qualification the organization has to provide a service.","","",,,,"Organization.qualification.code",1,1,"","ele-1:All FHIR elements must have a @value or children {hasValue() or (children().count() > id.count())}
"
"tk-organization","Organization.qualification.period","Organization.qualification.period","","","",0,1,"","","","Period {[]} {[]}
","Period during which the qualification is valid","Period during which the qualification is valid.","","Qualifications are often for a limited period of time, and can be revoked.","","","","","","","",,,,,"",,,,"Organization.qualification.period",0,1,"","ele-1:All FHIR elements must have a @value or children {hasValue() or (children().count() > id.count())}
"
"tk-organization","Organization.qualification.issuer","Organization.qualification.issuer","","","",0,1,"","","","Reference {[]} {[CanonicalType[http://hl7.org/fhir/StructureDefinition/Organization|5.0.0]]}
","Organization that regulates and issues the qualification","Organization that regulates and issues the qualification.","","","","","","","","","",,,,,"",,,,"Organization.qualification.issuer",0,1,"","ele-1:All FHIR elements must have a @value or children {hasValue() or (children().count() > id.count())}
"
"tk-provenance","Provenance","Provenance","","History
EventActivity","",0,*,"","","","null {[]} {[]}
","Who, What, When for a set of resources","Provenance of a resource is a record that describes entities and processes involved in producing and delivering or otherwise influencing that resource. Provenance provides a critical foundation for assessing authenticity, enabling trust, and allowing reproducibility. Provenance assertions are a form of contextual metadata and can themselves become important records with their own provenance. Provenance statement indicates clinical significance in terms of confidence in authenticity, reliability, and trustworthiness, integrity, and stage in lifecycle (e.g. Document Completion - has the artifact been legally authenticated), all of which may impact security, privacy, and trust policies.","Some parties may be duplicated between the target resource and its provenance.  For instance, the prescriber is usually (but not always) the author of the prescription resource. This resource is defined with close consideration for W3C Provenance.","","","","","","","","",,,,,"",,,,"Provenance",0,*,"","dom-2:If the resource is contained in another resource, it SHALL NOT contain nested Resources {contained.contained.empty()}
dom-3:If the resource is contained in another resource, it SHALL be referred to from elsewhere in the resource or SHALL refer to the containing resource {contained.where((('#'+id in (%resource.descendants().reference | %resource.descendants().ofType(canonical) | %resource.descendants().ofType(uri) | %resource.descendants().ofType(url))) or descendants().where(reference = '#').exists() or descendants().where(ofType(canonical) = '#').exists() or descendants().where(ofType(canonical) = '#').exists()).not()).trace('unmatched', id).empty()}dom-4:If a resource is contained in another resource, it SHALL NOT have a meta.versionId or a meta.lastUpdated {contained.meta.versionId.empty() and contained.meta.lastUpdated.empty()}dom-5:If a resource is contained in another resource, it SHALL NOT have a security label {contained.meta.security.empty()}dom-6:A resource should have narrative for robust management {text.`div`.exists()}"
"tk-provenance","Provenance.id","Provenance.id","","","",0,1,"","","Y","id {[]} {[]}
","Logical id of this artifact","The logical id of the resource, as used in the URL for the resource. Once assigned, this value never changes.","Within the context of the FHIR RESTful interactions, the resource has an id except for cases like the create and conditional update. Otherwise, the use of the resouce id depends on the given use case.","","","","","","","","",,,,,"",,,,"Resource.id",0,1,"",""
"tk-provenance","Provenance.meta","Provenance.meta","","","",0,1,"","","Y","Meta {[]} {[]}
","Metadata about the resource","The metadata about the resource. This is content that is maintained by the infrastructure. Changes to the content might not always be associated with version changes to the resource.","","","","","","","","","",,,,,"",,,,"Resource.meta",0,1,"","ele-1:All FHIR elements must have a @value or children {hasValue() or (children().count() > id.count())}
"
"tk-provenance","Provenance.implicitRules","Provenance.implicitRules","","","",0,1,"","Y","Y","uri {[]} {[]}
","A set of rules under which this content was created","A reference to a set of rules that were followed when the resource was constructed, and which must be understood when processing the content. Often, this is a reference to an implementation guide that defines the special rules along with other profiles etc.","Asserting this rule set restricts the content to be only understood by a limited set of trading partners. This inherently limits the usefulness of the data in the long term. However, the existing health eco-system is highly fractured, and not yet ready to define, collect, and exchange data in a generally computable sense. Wherever possible, implementers and/or specification writers should avoid using this element. Often, when used, the URL is a reference to an implementation guide that defines these special rules as part of its narrative along with other profiles, value sets, etc.","","","","","","","","",,,,,"",,,,"Resource.implicitRules",0,1,"","ele-1:All FHIR elements must have a @value or children {hasValue() or (children().count() > id.count())}
"
"tk-provenance","Provenance.language","Provenance.language","","","",0,1,"","","","code {[]} {[]}
","Language of the resource content","The base language in which the resource is written.","Language is provided to support indexing and accessibility (typically, services such as text to speech use the language tag). The html language tag in the narrative applies  to the narrative. The language tag on the resource may be used to specify the language of other presentations generated from the data in the resource. Not all the content has to be in the base language. The Resource.language should not be assumed to apply to the narrative automatically. If a language is specified, it should it also be specified on the div element in the html (see rules in HTML5 for information about the relationship between xml:lang and the html lang attribute).","","","","","","","","",,"required","IETF language tag for a human language","http://hl7.org/fhir/ValueSet/all-languages|5.0.0","",,,,"Resource.language",0,1,"","ele-1:All FHIR elements must have a @value or children {hasValue() or (children().count() > id.count())}
"
"tk-provenance","Provenance.text","Provenance.text","","narrative
htmlxhtmldisplay","",0,1,"","","","Narrative {[]} {[]}
","Text summary of the resource, for human interpretation","A human-readable narrative that contains a summary of the resource and can be used to represent the content of the resource to a human. The narrative need not encode all the structured data, but is required to contain sufficient detail to make it ""clinically safe"" for a human to just read the narrative. Resource definitions may define what content should be represented in the narrative to ensure clinical safety.","Contained resources do not have a narrative. Resources that are not contained SHOULD have a narrative. In some cases, a resource may only have text with little or no additional discrete data (as long as all minOccurs=1 elements are satisfied).  This may be necessary for data from legacy systems where information is captured as a ""text blob"" or where text is additionally entered raw or narrated and encoded information is added later.","","","","","","","","",,,,,"",,,,"DomainResource.text",0,1,"dom-6
","ele-1:All FHIR elements must have a @value or children {hasValue() or (children().count() > id.count())}
"
"tk-provenance","Provenance.contained","Provenance.contained","","inline resources
anonymous resourcescontained resources","",0,*,"","","","Resource {[]} {[]}
","Contained, inline Resources","These resources do not have an independent existence apart from the resource that contains them - they cannot be identified independently, nor can they have their own independent transaction scope. This is allowed to be a Parameters resource if and only if it is referenced by a resource that provides context/meaning.","This should never be done when the content can be identified properly, as once identification is lost, it is extremely difficult (and context dependent) to restore it again. Contained resources may have profiles and tags in their meta elements, but SHALL NOT have security labels.","","","","","","","","",,,,,"",,,,"DomainResource.contained",0,*,"dom-2
dom-4dom-3dom-5",""
"tk-provenance","Provenance.extension","Provenance.extension","","extensions
user content","",0,*,"","","","Extension {[]} {[]}
","Additional content defined by implementations","May be used to represent additional information that is not part of the basic definition of the resource. To make the use of extensions safe and managable, there is a strict set of governance applied to the definition and use of extensions. Though any implementer can define an extension, there is a set of requirements that SHALL be met as part of the definition of the extension.","There can be no stigma associated with the use of extensions by any application, project, or standard - regardless of the institution or jurisdiction that uses or defines the extensions.  The use of extensions is what allows the FHIR specification to retain a core level of simplicity for everyone.","","","","","","","","",,,,,"",,,,"DomainResource.extension",0,*,"","ele-1:All FHIR elements must have a @value or children {hasValue() or (children().count() > id.count())}
ext-1:Must have either extensions or value[x], not both {extension.exists() != value.exists()}"
"tk-provenance","Provenance.modifierExtension","Provenance.modifierExtension","","extensions
user content","",0,*,"","Y","Y","Extension {[]} {[]}
","Extensions that cannot be ignored","May be used to represent additional information that is not part of the basic definition of the resource and that modifies the understanding of the element that contains it and/or the understanding of the containing element's descendants. Usually modifier elements provide negation or qualification. To make the use of extensions safe and managable, there is a strict set of governance applied to the definition and use of extensions. Though any implementer is allowed to define an extension, there is a set of requirements that SHALL be met as part of the definition of the extension. Applications processing a resource are required to check for modifier extensions.

Modifier extensions SHALL NOT change the meaning of any elements on Resource or DomainResource (including cannot change the meaning of modifierExtension itself).","There can be no stigma associated with the use of extensions by any application, project, or standard - regardless of the institution or jurisdiction that uses or defines the extensions.  The use of extensions is what allows the FHIR specification to retain a core level of simplicity for everyone.","Modifier extensions allow for extensions that *cannot* be safely ignored to be clearly distinguished from the vast majority of extensions which can be safely ignored.  This promotes interoperability by eliminating the need for implementers to prohibit the presence of extensions. For further information, see the [definition of modifier extensions](http://hl7.org/fhir/R5/extensibility.html#modifierExtension).","","","","","","","",,,,,"",,,,"DomainResource.modifierExtension",0,*,"","ele-1:All FHIR elements must have a @value or children {hasValue() or (children().count() > id.count())}
ext-1:Must have either extensions or value[x], not both {extension.exists() != value.exists()}"
"tk-provenance","Provenance.target","Provenance.target","","","",1,*,"Y","","Y","Reference {[]} {[CanonicalType[https://fhir.inera.se/ig/tjanstekatalog/StructureDefinition/tk-organization], CanonicalType[https://fhir.inera.se/ig/tjanstekatalog/StructureDefinition/tk-endpoint], CanonicalType[https://fhir.inera.se/ig/tjanstekatalog/StructureDefinition/tk-api-instance], CanonicalType[https://fhir.inera.se/ig/tjanstekatalog/StructureDefinition/tk-api-specification-capability]]}
","Den/de resurser som registrerades","The Reference(s) that were generated or updated by  the activity described in this resource. A provenance can point to more than one target if multiple resources were created/updated by the same activity.","Target references are usually version specific, but might not be, if a version has not been assigned or if the provenance information is part of the set of resources being maintained (i.e. a document). When using the RESTful API, the identity of the resource might not be known (especially not the version specific one); the client may either submit the resource first, and then the provenance, or it may submit both using a single transaction. See the notes on transaction for further discussion.","","","","","","","","",,,,,"",,,,"Provenance.target",1,*,"","ele-1:All FHIR elements must have a @value or children {hasValue() or (children().count() > id.count())}
"
"tk-provenance","Provenance.occurred[x]","Provenance.occurred[x]","","","",0,1,"","","","Period {[]} {[]}
dateTime {[]} {[]}","When the activity occurred","The period during which the activity occurred.","The period can be a little arbitrary; where possible, the time should correspond to human assessment of the activity time.","","","","","","","","",,,,,"",,,,"Provenance.occurred[x]",0,1,"","ele-1:All FHIR elements must have a @value or children {hasValue() or (children().count() > id.count())}
"
"tk-provenance","Provenance.recorded","Provenance.recorded","","","",1,1,"Y","","Y","instant {[]} {[]}
","When the activity was recorded / updated","The instant of time at which the activity was recorded.","This can be a little different from the time stamp on the resource if there is a delay between recording the event and updating the provenance and target resource.","","","","","","","","",,,,,"",,,,"Provenance.recorded",0,1,"","ele-1:All FHIR elements must have a @value or children {hasValue() or (children().count() > id.count())}
"
"tk-provenance","Provenance.policy","Provenance.policy","","","",0,*,"","","","uri {[]} {[]}
","Policy or plan the activity was defined by","Policy or plan the activity was defined by. Typically, a single activity may have multiple applicable policy documents, such as patient consent, guarantor funding, etc.","For example: Where an OAuth token authorizes, the unique identifier from the OAuth token is placed into the policy element Where a policy engine (e.g. XACML) holds policy logic, the unique policy identifier is placed into the policy element.","","","","","","","","",,,,,"",,,,"Provenance.policy",0,*,"","ele-1:All FHIR elements must have a @value or children {hasValue() or (children().count() > id.count())}
"
"tk-provenance","Provenance.location","Provenance.location","","","",0,1,"","","","Reference {[]} {[CanonicalType[http://hl7.org/fhir/StructureDefinition/Location|5.0.0]]}
","Where the activity occurred, if relevant","Where the activity occurred, if relevant.","","","","","","","","","",,,,,"",,,,"Provenance.location",0,1,"","ele-1:All FHIR elements must have a @value or children {hasValue() or (children().count() > id.count())}
"
"tk-provenance","Provenance.authorization","Provenance.authorization","","PurposeOfEvent
","",0,*,"","","","CodeableReference {[]} {[]}
","Authorization (purposeOfUse) related to the event","The authorization (e.g., PurposeOfUse) that was used during the event being recorded.","","Record of any relevant security context, not restricted to purposeOfUse valueSet. May include security compartments, refrain, obligation, or other security tags.","","","","","","","",,"example","The authorized purposeOfUse for the activity.","http://terminology.hl7.org/ValueSet/v3-PurposeOfUse","",,,,"Provenance.authorization",0,*,"","ele-1:All FHIR elements must have a @value or children {hasValue() or (children().count() > id.count())}
"
"tk-provenance","Provenance.activity","Provenance.activity","","","",0,1,"","","","CodeableConcept {[]} {[]}
","Activity that occurred","An activity is something that occurs over a period of time and acts upon or with entities; it may include consuming, processing, transforming, modifying, relocating, using, or generating entities.","","","","","","","","","",,"example","The activity that took place.","http://hl7.org/fhir/ValueSet/provenance-activity-type|5.0.0","",,,,"Provenance.activity",0,1,"","ele-1:All FHIR elements must have a @value or children {hasValue() or (children().count() > id.count())}
"
"tk-provenance","Provenance.basedOn","Provenance.basedOn","","","",0,*,"","","","Reference {[]} {[CanonicalType[http://hl7.org/fhir/StructureDefinition/CarePlan|5.0.0], CanonicalType[http://hl7.org/fhir/StructureDefinition/DeviceRequest|5.0.0], CanonicalType[http://hl7.org/fhir/StructureDefinition/ImmunizationRecommendation|5.0.0], CanonicalType[http://hl7.org/fhir/StructureDefinition/MedicationRequest|5.0.0], CanonicalType[http://hl7.org/fhir/StructureDefinition/NutritionOrder|5.0.0], CanonicalType[http://hl7.org/fhir/StructureDefinition/ServiceRequest|5.0.0], CanonicalType[http://hl7.org/fhir/StructureDefinition/Task|5.0.0]]}
","Workflow authorization within which this event occurred","Allows tracing of authorizatino for the events and tracking whether proposals/recommendations were acted upon.","","","","","","","","","",,,,,"",,,,"Provenance.basedOn",0,*,"","ele-1:All FHIR elements must have a @value or children {hasValue() or (children().count() > id.count())}
"
"tk-provenance","Provenance.patient","Provenance.patient","","","",0,1,"","","","Reference {[]} {[CanonicalType[http://hl7.org/fhir/StructureDefinition/Patient|5.0.0]]}
","The patient is the subject of the data created/updated (.target) by the activity","The patient element is available to enable deterministic tracking of activities that involve the patient as the subject of the data used in an activity.","","When the .patient is populated it shall be accurate to the subject of the target data. The .patient shall not be populated when the target data created/updated (.target) by the activity does not involve a subject. Note that when the patient is an agent, they will be recorded as an agent. When the Patient resource is Created, Updated, or Deleted it will be recorded as an entity.","","","","","","","",,,,,"",,,,"Provenance.patient",0,1,"","ele-1:All FHIR elements must have a @value or children {hasValue() or (children().count() > id.count())}
"
"tk-provenance","Provenance.encounter","Provenance.encounter","","","",0,1,"","","","Reference {[]} {[CanonicalType[http://hl7.org/fhir/StructureDefinition/Encounter|5.0.0]]}
","Encounter within which this event occurred or which the event is tightly associated","This will typically be the encounter the event occurred, but some events may be initiated prior to or after the official completion of an encounter but still be tied to the context of the encounter (e.g. pre-admission lab tests).","","","","","","","","","",,,,,"",,,,"Provenance.encounter",0,1,"","ele-1:All FHIR elements must have a @value or children {hasValue() or (children().count() > id.count())}
"
"tk-provenance","Provenance.agent","Provenance.agent","","","",1,*,"Y","","Y","BackboneElement {[]} {[]}
","Vem/vilket system som utförde registreringen","An actor taking a role in an activity  for which it can be assigned some degree of responsibility for the activity taking place.","Several agents may be associated (i.e. has some responsibility for an activity) with an activity and vice-versa.","An agent can be a person, an organization, software, device, or other entities that may be ascribed responsibility.","","","","","","","",,,,,"",,,,"Provenance.agent",1,*,"","ele-1:All FHIR elements must have a @value or children {hasValue() or (children().count() > id.count())}
prov-1:Who and onBehalfOf cannot be the same {who.resolve().exists() and onBehalfOf.resolve().exists() implies who.resolve() != onBehalfOf.resolve()}prov-2:If who is a PractitionerRole, onBehalfOf can't reference the same Practitioner {who.resolve().ofType(PractitionerRole).practitioner.resolve().exists() and onBehalfOf.resolve().ofType(Practitioner).exists() implies who.resolve().practitioner.resolve() != onBehalfOf.resolve()}prov-3:If who is an organization, onBehalfOf can't be a PractitionerRole within that organization {who.resolve().ofType(Organization).exists() and onBehalfOf.resolve().ofType(PractitionerRole).organization.resolve().exists() implies who.resolve() != onBehalfOf.resolve().organization.resolve()}"
"tk-provenance","Provenance.agent.id","Provenance.agent.id","","","",0,1,"","","","string {[]} {[]}
","Unique id for inter-element referencing","Unique id for the element within a resource (for internal references). This may be any string value that does not contain spaces.","","","","","","","","","",,,,,"",,,,"Element.id",0,1,"ele-1
",""
"tk-provenance","Provenance.agent.extension","Provenance.agent.extension","","extensions
user content","",0,*,"","","","Extension {[]} {[]}
","Additional content defined by implementations","May be used to represent additional information that is not part of the basic definition of the element. To make the use of extensions safe and managable, there is a strict set of governance applied to the definition and use of extensions. Though any implementer can define an extension, there is a set of requirements that SHALL be met as part of the definition of the extension.","There can be no stigma associated with the use of extensions by any application, project, or standard - regardless of the institution or jurisdiction that uses or defines the extensions.  The use of extensions is what allows the FHIR specification to retain a core level of simplicity for everyone.","","","","","","","","",,,,,"",,,,"Element.extension",0,*,"","ele-1:All FHIR elements must have a @value or children {hasValue() or (children().count() > id.count())}
ext-1:Must have either extensions or value[x], not both {extension.exists() != value.exists()}"
"tk-provenance","Provenance.agent.modifierExtension","Provenance.agent.modifierExtension","","extensions
user contentmodifiers","",0,*,"","Y","Y","Extension {[]} {[]}
","Extensions that cannot be ignored even if unrecognized","May be used to represent additional information that is not part of the basic definition of the element and that modifies the understanding of the element in which it is contained and/or the understanding of the containing element's descendants. Usually modifier elements provide negation or qualification. To make the use of extensions safe and managable, there is a strict set of governance applied to the definition and use of extensions. Though any implementer can define an extension, there is a set of requirements that SHALL be met as part of the definition of the extension. Applications processing a resource are required to check for modifier extensions.

Modifier extensions SHALL NOT change the meaning of any elements on Resource or DomainResource (including cannot change the meaning of modifierExtension itself).","There can be no stigma associated with the use of extensions by any application, project, or standard - regardless of the institution or jurisdiction that uses or defines the extensions.  The use of extensions is what allows the FHIR specification to retain a core level of simplicity for everyone.","Modifier extensions allow for extensions that *cannot* be safely ignored to be clearly distinguished from the vast majority of extensions which can be safely ignored.  This promotes interoperability by eliminating the need for implementers to prohibit the presence of extensions. For further information, see the [definition of modifier extensions](http://hl7.org/fhir/R5/extensibility.html#modifierExtension).","","","","","","","",,,,,"",,,,"BackboneElement.modifierExtension",0,*,"","ele-1:All FHIR elements must have a @value or children {hasValue() or (children().count() > id.count())}
ext-1:Must have either extensions or value[x], not both {extension.exists() != value.exists()}"
"tk-provenance","Provenance.agent.type","Provenance.agent.type","","","",0,1,"","","Y","CodeableConcept {[]} {[]}
","How the agent participated","The Functional Role of the agent with respect to the activity.","For example: assembler, author, prescriber, signer, investigator, etc.","Functional roles reflect functional aspects of relationships between entities. Functional roles are bound to the realization/performance of acts, where actions might be concatenated to an activity or even to a process. This element will hold the functional role that the agent played in the activity that is the focus of this Provenance. Where an agent played multiple functional roles, they will be listed as multiple .agent elements representing each functional participation. See ISO 21298:2018 - Health Informatics - Functional and structural roles, and ISO 22600-2:2014 - Health Informatics - Privilege Management and Access Control - Part 2: formal models.","","","","","","","",,"example","The type of participation that a provenance agent played with respect to the activity.","http://hl7.org/fhir/ValueSet/participation-role-type|5.0.0","",,,,"Provenance.agent.type",0,1,"","ele-1:All FHIR elements must have a @value or children {hasValue() or (children().count() > id.count())}
"
"tk-provenance","Provenance.agent.role","Provenance.agent.role","","","",0,*,"","","","CodeableConcept {[]} {[]}
","What the agents role was","The structural roles of the agent indicating the agent's competency. The security role enabling the agent with respect to the activity.","For example: Chief-of-Radiology, Nurse, Physician, Medical-Student, etc.","Structural roles reflect the structural aspects of relationships between entities. Structural roles describe prerequisites, feasibilities, or competences for acts. Functional roles reflect functional aspects of relationships between entities. Functional roles are bound to the realization/performance of acts, where actions might be concatenated to an activity or even to a process. See ISO 21298:2018 - Health Informatics - Functional and structural roles, and ISO 22600-2:2014 - Health Informatics - Privilege Management and Access Control - Part 2: formal models..","","","","","","","",,"example","The role that a provenance agent played with respect to the activity.","http://hl7.org/fhir/ValueSet/security-role-type|5.0.0","",,,,"Provenance.agent.role",0,*,"","ele-1:All FHIR elements must have a @value or children {hasValue() or (children().count() > id.count())}
"
"tk-provenance","Provenance.agent.who","Provenance.agent.who","","","",1,1,"Y","","Y","Reference {[]} {[CanonicalType[http://hl7.org/fhir/StructureDefinition/Practitioner|5.0.0], CanonicalType[http://hl7.org/fhir/StructureDefinition/PractitionerRole|5.0.0], CanonicalType[http://hl7.org/fhir/StructureDefinition/Organization|5.0.0], CanonicalType[http://hl7.org/fhir/StructureDefinition/CareTeam|5.0.0], CanonicalType[http://hl7.org/fhir/StructureDefinition/Patient|5.0.0], CanonicalType[http://hl7.org/fhir/StructureDefinition/Device|5.0.0], CanonicalType[http://hl7.org/fhir/StructureDefinition/RelatedPerson|5.0.0]]}
","The agent that participated in the event","Indicates who or what performed in the event.","","","","","","","","","",,,,,"",,,,"Provenance.agent.who",1,1,"prov-1
prov-2prov-3","ele-1:All FHIR elements must have a @value or children {hasValue() or (children().count() > id.count())}
"
"tk-provenance","Provenance.agent.onBehalfOf","Provenance.agent.onBehalfOf","","","",0,1,"","","","Reference {[]} {[CanonicalType[http://hl7.org/fhir/StructureDefinition/Practitioner|5.0.0], CanonicalType[http://hl7.org/fhir/StructureDefinition/PractitionerRole|5.0.0], CanonicalType[http://hl7.org/fhir/StructureDefinition/Organization|5.0.0], CanonicalType[http://hl7.org/fhir/StructureDefinition/CareTeam|5.0.0], CanonicalType[http://hl7.org/fhir/StructureDefinition/Patient|5.0.0]]}
","The agent that delegated","The agent that delegated authority to perform the activity performed by the agent.who element.","","","","","","","","","",,,,,"",,,,"Provenance.agent.onBehalfOf",0,1,"prov-1
prov-2prov-3","ele-1:All FHIR elements must have a @value or children {hasValue() or (children().count() > id.count())}
"
"tk-provenance","Provenance.entity","Provenance.entity","","","",0,*,"","","Y","BackboneElement {[]} {[]}
","An entity used in this activity","An entity used in this activity.","","","","","","","","","",,,,,"",,,,"Provenance.entity",0,*,"","ele-1:All FHIR elements must have a @value or children {hasValue() or (children().count() > id.count())}
"
"tk-provenance","Provenance.entity.id","Provenance.entity.id","","","",0,1,"","","","string {[]} {[]}
","Unique id for inter-element referencing","Unique id for the element within a resource (for internal references). This may be any string value that does not contain spaces.","","","","","","","","","",,,,,"",,,,"Element.id",0,1,"ele-1
",""
"tk-provenance","Provenance.entity.extension","Provenance.entity.extension","","extensions
user content","",0,*,"","","","Extension {[]} {[]}
","Additional content defined by implementations","May be used to represent additional information that is not part of the basic definition of the element. To make the use of extensions safe and managable, there is a strict set of governance applied to the definition and use of extensions. Though any implementer can define an extension, there is a set of requirements that SHALL be met as part of the definition of the extension.","There can be no stigma associated with the use of extensions by any application, project, or standard - regardless of the institution or jurisdiction that uses or defines the extensions.  The use of extensions is what allows the FHIR specification to retain a core level of simplicity for everyone.","","","","","","","","",,,,,"",,,,"Element.extension",0,*,"","ele-1:All FHIR elements must have a @value or children {hasValue() or (children().count() > id.count())}
ext-1:Must have either extensions or value[x], not both {extension.exists() != value.exists()}"
"tk-provenance","Provenance.entity.modifierExtension","Provenance.entity.modifierExtension","","extensions
user contentmodifiers","",0,*,"","Y","Y","Extension {[]} {[]}
","Extensions that cannot be ignored even if unrecognized","May be used to represent additional information that is not part of the basic definition of the element and that modifies the understanding of the element in which it is contained and/or the understanding of the containing element's descendants. Usually modifier elements provide negation or qualification. To make the use of extensions safe and managable, there is a strict set of governance applied to the definition and use of extensions. Though any implementer can define an extension, there is a set of requirements that SHALL be met as part of the definition of the extension. Applications processing a resource are required to check for modifier extensions.

Modifier extensions SHALL NOT change the meaning of any elements on Resource or DomainResource (including cannot change the meaning of modifierExtension itself).","There can be no stigma associated with the use of extensions by any application, project, or standard - regardless of the institution or jurisdiction that uses or defines the extensions.  The use of extensions is what allows the FHIR specification to retain a core level of simplicity for everyone.","Modifier extensions allow for extensions that *cannot* be safely ignored to be clearly distinguished from the vast majority of extensions which can be safely ignored.  This promotes interoperability by eliminating the need for implementers to prohibit the presence of extensions. For further information, see the [definition of modifier extensions](http://hl7.org/fhir/R5/extensibility.html#modifierExtension).","","","","","","","",,,,,"",,,,"BackboneElement.modifierExtension",0,*,"","ele-1:All FHIR elements must have a @value or children {hasValue() or (children().count() > id.count())}
ext-1:Must have either extensions or value[x], not both {extension.exists() != value.exists()}"
"tk-provenance","Provenance.entity.role","Provenance.entity.role","","","",1,1,"","","Y","code {[]} {[]}
","revision | quotation | source | instantiates | removal","How the entity was used during the activity.","","","","","","","","","",,"required","How an entity was used in an activity.","http://hl7.org/fhir/ValueSet/provenance-entity-role|5.0.0","",,,,"Provenance.entity.role",1,1,"","ele-1:All FHIR elements must have a @value or children {hasValue() or (children().count() > id.count())}
"
"tk-provenance","Provenance.entity.what","Provenance.entity.what","","","",1,1,"","","Y","Reference {[]} {[CanonicalType[http://hl7.org/fhir/StructureDefinition/Resource|5.0.0]]}
","Identity of entity","Identity of the  Entity used. May be a logical or physical uri and maybe absolute or relative.","whatIdentity should be used for entities that are not a Resource type.","","","","","","","","",,,,,"",,,,"Provenance.entity.what",1,1,"","ele-1:All FHIR elements must have a @value or children {hasValue() or (children().count() > id.count())}
"
"tk-provenance","Provenance.entity.agent","Provenance.entity.agent","","","",0,*,"","","","null {[]} {[]}
","Entity is attributed to this agent","The entity is attributed to an agent to express the agent's responsibility for that entity, possibly along with other agents. This description can be understood as shorthand for saying that the agent was responsible for the activity which used the entity.","A usecase where one Provenance.entity.agent is used where the Entity that was used in the creation/updating of the Target, is not in the context of the same custodianship as the Target, and thus the meaning of Provenance.entity.agent is to say that the entity referenced is managed elsewhere and that this Agent provided access to it.  This would be similar to where the Entity being referenced is managed outside FHIR, such as through HL7 V2, v3, or XDS. This might be where the Entity being referenced is managed in another FHIR resource server. Thus it explains the Provenance of that Entity's use in the context of this Provenance activity.","","","","","","","","",,,,,"",,,,"Provenance.entity.agent",0,*,"","ele-1:All FHIR elements must have a @value or children {hasValue() or (children().count() > id.count())}
"
"tk-provenance","Provenance.signature","Provenance.signature","","","",0,*,"","","","Signature {[]} {[]}
","Signature on target","A digital signature on the target Reference(s). The signer should match a Provenance.agent. The purpose of the signature is indicated.","","","","","","","","","",,,,,"",,,,"Provenance.signature",0,*,"","ele-1:All FHIR elements must have a @value or children {hasValue() or (children().count() > id.count())}
"
"tk-vard-och-omsorgstagare","tk-vard-och-omsorgstagare","tk-vard-och-omsorgstagare","","","",0,*,"","","","null {[]} {[]}
","Vård- och omsorgstagare (logisk modell)","Logisk modell för entiteten Vård- och omsorgstagare i informationsunderlaget. Tunn, avsiktligt begränsad till id — se REQ-MDL-2.","","","","","","","","","",,,,,"",,,,"Base",0,*,"",""
"tk-vard-och-omsorgstagare","tk-vard-och-omsorgstagare.id","tk-vard-och-omsorgstagare.id","","","",1,1,"","","","id {[]} {[]}
","Id","Unik identifierare för vård- och omsorgstagaren i detta sammanhang.","","","","","","","","","",,,,,"",,,,"tk-vard-och-omsorgstagare.id",1,1,"",""
